iteracion,epoch,mh,tipo,fitness_best,fitness_instantaneo,dtw_ready,dtw_fire,D1_vs_ramp,D2_vs_const,dtw_delta,theta_c,theta_r,theta_delta,no_improve_len,trigger_streak,window_n,estado_dtw
1,1,GA,poblacional,21273.0,21273.0,False,False,,,,,,,0,0,1,Llenando ventana
2,1,GA,poblacional,21551.0,21551.0,False,False,,,,,,,0,0,2,Llenando ventana
3,1,GA,poblacional,21618.0,21618.0,False,False,,,,,,,0,0,3,Llenando ventana
4,1,GA,poblacional,21618.0,21618.0,False,False,,,,,,,1,0,4,Llenando ventana
5,1,GA,poblacional,21901.0,21901.0,False,False,,,,,,,0,0,5,Llenando ventana
6,1,GA,poblacional,21901.0,21901.0,False,False,,,,,,,1,0,6,Llenando ventana
7,1,GA,poblacional,21901.0,21901.0,False,False,,,,,,,2,0,7,Llenando ventana
8,1,GA,poblacional,22089.0,22089.0,False,False,,,,,,,0,0,8,Llenando ventana
9,1,GA,poblacional,22089.0,22089.0,False,False,,,,,,,1,0,9,Llenando ventana
10,1,GA,poblacional,22239.0,22239.0,False,False,,,,,,,0,0,10,Llenando ventana
11,1,GA,poblacional,22239.0,22239.0,False,False,,,,,,,1,0,11,Llenando ventana
12,1,GA,poblacional,22239.0,22239.0,False,False,,,,,,,2,0,12,Llenando ventana
13,1,GA,poblacional,22239.0,22239.0,False,False,,,,,,,3,0,13,Llenando ventana
14,1,GA,poblacional,22239.0,22239.0,False,False,,,,,,,4,0,14,Llenando ventana
15,1,GA,poblacional,22239.0,22239.0,False,False,,,,,,,5,0,15,Llenando ventana
16,1,GA,poblacional,22239.0,22239.0,False,False,,,,,,,6,0,16,Llenando ventana
17,1,GA,poblacional,22239.0,22239.0,False,False,,,,,,,7,0,17,Llenando ventana
18,1,GA,poblacional,22287.0,22287.0,False,False,,,,,,,0,0,18,Llenando ventana
19,1,GA,poblacional,22399.0,22399.0,False,False,,,,,,,0,0,19,Llenando ventana
20,1,GA,poblacional,22399.0,22399.0,False,False,,,,,,,1,0,20,Llenando ventana
21,1,GA,poblacional,22399.0,22399.0,False,False,,,,,,,2,0,21,Llenando ventana
22,1,GA,poblacional,22604.0,22604.0,False,False,,,,,,,0,0,22,Llenando ventana
23,1,GA,poblacional,22604.0,22604.0,False,False,,,,,,,1,0,23,Llenando ventana
24,1,GA,poblacional,22604.0,22604.0,False,False,,,,,,,2,0,24,Llenando ventana
25,1,GA,poblacional,22604.0,22604.0,False,False,,,,,,,3,0,25,Llenando ventana
26,1,GA,poblacional,22604.0,22604.0,False,False,,,,,,,4,0,26,Llenando ventana
27,1,GA,poblacional,22604.0,22604.0,False,False,,,,,,,5,0,27,Llenando ventana
28,1,GA,poblacional,22604.0,22604.0,False,False,,,,,,,6,0,28,Llenando ventana
29,1,GA,poblacional,22604.0,22604.0,False,False,,,,,,,7,0,29,Llenando ventana
30,1,GA,poblacional,22604.0,22604.0,False,False,,,,,,,8,0,30,Llenando ventana
31,1,GA,poblacional,22604.0,22604.0,False,False,,,,,,,9,0,31,Llenando ventana
32,1,GA,poblacional,22604.0,22604.0,False,False,,,,,,,10,0,32,Llenando ventana
33,1,GA,poblacional,22604.0,22604.0,False,False,,,,,,,11,0,33,Llenando ventana
34,1,GA,poblacional,22604.0,22604.0,False,False,,,,,,,12,0,34,Llenando ventana
35,1,GA,poblacional,22604.0,22604.0,False,False,,,,,,,13,0,35,Llenando ventana
36,1,GA,poblacional,22604.0,22604.0,False,False,,,,,,,14,0,36,Llenando ventana
37,1,GA,poblacional,22604.0,22604.0,False,False,,,,,,,15,0,37,Llenando ventana
38,1,GA,poblacional,22604.0,22604.0,False,False,,,,,,,16,0,38,Llenando ventana
39,1,GA,poblacional,22604.0,22604.0,False,False,,,,,,,17,0,39,Llenando ventana
40,1,GA,poblacional,22604.0,22604.0,False,False,,,,,,,18,0,40,Llenando ventana
41,1,GA,poblacional,22721.0,22721.0,False,False,,,,,,,0,0,41,Llenando ventana
42,1,GA,poblacional,22721.0,22721.0,False,False,,,,,,,1,0,42,Llenando ventana
43,1,GA,poblacional,22721.0,22721.0,False,False,,,,,,,2,0,43,Llenando ventana
44,1,GA,poblacional,22721.0,22721.0,False,False,,,,,,,3,0,44,Llenando ventana
45,1,GA,poblacional,22721.0,22721.0,False,False,,,,,,,4,0,45,Llenando ventana
46,1,GA,poblacional,22721.0,22721.0,False,False,,,,,,,5,0,46,Llenando ventana
47,1,GA,poblacional,22721.0,22721.0,False,False,,,,,,,6,0,47,Llenando ventana
48,1,GA,poblacional,22721.0,22721.0,False,False,,,,,,,7,0,48,Llenando ventana
49,1,GA,poblacional,22721.0,22721.0,False,False,,,,,,,8,0,49,Llenando ventana
50,1,GA,poblacional,22721.0,22721.0,False,False,,,,,,,9,0,50,Llenando ventana
51,1,GA,poblacional,22721.0,22721.0,False,False,,,,,,,10,0,51,Llenando ventana
52,1,GA,poblacional,22721.0,22721.0,False,False,,,,,,,11,0,52,Llenando ventana
53,1,GA,poblacional,22721.0,22721.0,False,False,,,,,,,12,0,53,Llenando ventana
54,1,GA,poblacional,22721.0,22721.0,False,False,,,,,,,13,0,54,Llenando ventana
55,1,GA,poblacional,22721.0,22721.0,False,False,,,,,,,14,0,55,Llenando ventana
56,1,GA,poblacional,22721.0,22721.0,False,False,,,,,,,15,0,56,Llenando ventana
57,1,GA,poblacional,22721.0,22721.0,False,False,,,,,,,16,0,57,Llenando ventana
58,1,GA,poblacional,22721.0,22721.0,False,False,,,,,,,17,0,58,Llenando ventana
59,1,GA,poblacional,22721.0,22721.0,False,False,,,,,,,18,0,59,Llenando ventana
60,1,GA,poblacional,22721.0,22721.0,False,False,,,,,,,19,0,60,Llenando ventana
61,1,GA,poblacional,22721.0,22721.0,False,False,,,,,,,20,0,61,Llenando ventana
62,1,GA,poblacional,22721.0,22721.0,False,False,,,,,,,21,0,62,Llenando ventana
63,1,GA,poblacional,22721.0,22721.0,False,False,,,,,,,22,0,63,Llenando ventana
64,1,GA,poblacional,22721.0,22721.0,False,False,,,,,,,23,0,64,Llenando ventana
65,1,GA,poblacional,22721.0,22721.0,False,False,,,,,,,24,0,65,Llenando ventana
66,1,GA,poblacional,22721.0,22721.0,False,False,,,,,,,25,0,66,Llenando ventana
67,1,GA,poblacional,22721.0,22721.0,False,False,,,,,,,26,0,67,Llenando ventana
68,1,GA,poblacional,22721.0,22721.0,False,False,,,,,,,27,0,68,Llenando ventana
69,1,GA,poblacional,22721.0,22721.0,False,False,,,,,,,28,0,69,Llenando ventana
70,1,GA,poblacional,22721.0,22721.0,False,False,,,,,,,29,0,70,Llenando ventana
71,1,GA,poblacional,22721.0,22721.0,False,False,,,,,,,30,0,71,Llenando ventana
72,1,GA,poblacional,22721.0,22721.0,False,False,,,,,,,31,0,72,Llenando ventana
73,1,GA,poblacional,22721.0,22721.0,False,False,,,,,,,32,0,73,Llenando ventana
74,1,GA,poblacional,22721.0,22721.0,False,False,,,,,,,33,0,74,Llenando ventana
75,1,GA,poblacional,22721.0,22721.0,True,False,92249.30000000005,92573.0,-323.69999999995343,7.5,37.5,22.5,34,0,75,Explotacion activa
76,1,GA,poblacional,22721.0,22721.0,True,False,72847.30000000002,73171.0,-323.69999999998254,7.5,37.5,22.5,35,0,76,Explotacion activa
77,1,GA,poblacional,22721.0,22721.0,True,False,68993.9,69316.0,-322.1000000000058,7.5,37.5,22.5,36,0,77,Explotacion activa
78,1,GA,poblacional,22721.0,22721.0,True,False,70095.30000000002,70419.0,-323.69999999998254,7.5,37.5,22.5,37,0,78,Explotacion activa
79,1,GA,poblacional,22721.0,22721.0,True,False,49976.69999999998,50297.0,-320.30000000001746,7.5,37.5,22.5,38,0,79,Explotacion activa
80,1,GA,poblacional,22721.0,22721.0,True,False,50794.89999999998,51117.0,-322.1000000000204,7.5,37.5,22.5,39,0,80,Explotacion activa
81,1,GA,poblacional,22721.0,22721.0,True,False,51613.29999999999,51937.0,-323.70000000001164,7.5,37.5,22.5,40,0,81,Explotacion activa
82,1,GA,poblacional,22721.0,22721.0,True,False,38334.89999999999,38657.0,-322.1000000000131,7.5,37.5,22.5,41,0,82,Explotacion activa
83,1,GA,poblacional,22721.0,22721.0,True,False,38965.29999999999,39289.0,-323.70000000001164,7.5,37.5,22.5,42,0,83,Explotacion activa
84,1,GA,poblacional,22721.0,22721.0,True,False,28362.69999999999,28671.0,-308.3000000000102,46994.6,69324.32,-322.10000000001094,43,1,84,Explotacion activa
85,1,GA,poblacional,22721.0,22721.0,True,False,28841.899999999987,29153.0,-311.1000000000131,39289.0,68993.9,-322.1000000000058,44,2,85,Explotacion activa
86,1,GA,poblacional,22721.0,22721.0,True,False,29321.29999999999,29635.0,-313.70000000001164,38846.6,63779.71999999998,-320.84000000001396,45,3,86,Explotacion activa
87,1,GA,poblacional,22721.0,22721.0,True,False,29800.899999999987,30117.0,-316.1000000000131,35241.0,58565.539999999964,-318.62000000001575,46,4,87,Explotacion activa
88,1,GA,poblacional,22721.0,22721.0,True,False,30280.69999999999,30599.0,-318.3000000000102,30550.8,53351.359999999986,-318.0800000000105,47,0,88,Explotacion activa
89,1,GA,poblacional,22721.0,22721.0,True,False,30760.69999999999,31081.0,-320.3000000000102,30695.4,51449.61999999999,-318.70000000001016,48,0,89,Explotacion activa
90,1,GA,poblacional,22721.0,22721.0,True,False,31240.899999999987,31563.0,-322.1000000000131,30840.0,51204.099999999984,-319.3000000000102,49,0,90,Explotacion activa
91,1,GA,poblacional,22721.0,22721.0,True,False,31721.29999999999,32045.0,-323.70000000001164,30984.6,50958.57999999998,-319.9000000000102,50,0,91,Explotacion activa
92,1,GA,poblacional,22721.0,22721.0,True,False,28603.29999999999,28927.0,-323.70000000001164,30647.2,50713.07999999998,-320.3000000000109,51,0,92,Explotacion activa
93,1,GA,poblacional,22721.0,22721.0,True,False,20640.69999999999,20961.0,-320.3000000000102,30309.8,50467.61999999998,-320.3000000000102,52,1,93,Explotacion activa
94,1,GA,poblacional,22721.0,22721.0,True,False,20960.899999999987,21283.0,-322.1000000000131,29972.4,50222.15999999998,-320.3000000000102,53,0,94,Explotacion activa
95,1,GA,poblacional,22721.0,22721.0,True,False,21281.29999999999,21605.0,-323.70000000001164,29635.0,49976.69999999998,-320.3000000000102,54,0,95,Explotacion activa
96,1,GA,poblacional,22721.0,22721.0,True,False,6287.69999999999,6552.0,-264.3000000000102,29297.6,46673.27999999998,-320.3000000000102,55,1,96,Explotacion activa
97,1,GA,poblacional,22721.0,22721.0,True,False,6399.69999999999,6669.0,-269.3000000000102,29062.6,43369.85999999997,-319.5000000000102,56,2,97,Explotacion activa
98,1,GA,poblacional,22721.0,22721.0,True,False,6511.899999999987,6786.0,-274.1000000000131,28901.4,40066.439999999966,-318.0800000000105,57,3,98,Explotacion activa
99,1,GA,poblacional,22721.0,22721.0,True,False,6624.299999999988,6903.0,-278.70000000001164,28722.2,38839.21999999999,-316.5400000000125,58,4,99,Explotacion activa
100,1,GA,poblacional,22721.0,22721.0,True,False,6736.899999999987,7020.0,-283.1000000000131,25138.0,38650.09999999999,-314.90000000001237,59,5,100,Explotacion activa
101,1,GA,poblacional,22721.0,22721.0,True,False,6849.69999999999,7137.0,-287.3000000000102,21540.6,38460.97999999999,-313.18000000001194,60,6,101,Explotacion activa
102,1,GA,poblacional,22721.0,22721.0,True,False,6962.69999999999,7254.0,-291.3000000000102,21315.2,37673.53999999998,-311.360000000013,61,7,102,Explotacion activa
103,1,GA,poblacional,22721.0,22721.0,True,False,7075.899999999987,7371.0,-295.1000000000131,21089.8,35689.45999999997,-309.4200000000114,62,8,103,Explotacion activa
104,1,GA,poblacional,22721.0,22721.0,True,False,7189.299999999988,7488.0,-298.70000000001164,16919.09999999999,33705.37999999997,-305.42000000001065,63,9,104,Explotacion activa
105,1,GA,poblacional,22721.0,22721.0,True,False,7302.899999999987,7605.0,-302.1000000000131,7605.0,31721.29999999999,-302.1000000000131,64,10,105,Explotacion activa
106,1,GA,poblacional,22721.0,22721.0,True,False,7416.69999999999,7722.0,-305.3000000000102,7640.099999999999,31577.17999999999,-303.0600000000122,65,0,106,Explotacion activa
107,1,GA,poblacional,22721.0,22721.0,True,False,7530.69999999999,7839.0,-308.3000000000102,7675.2,31433.059999999987,-304.02000000001135,66,0,107,Explotacion activa
108,1,GA,poblacional,22721.0,22721.0,True,False,7644.899999999987,7956.0,-311.1000000000131,7710.3,31288.939999999988,-304.9800000000105,67,0,108,Explotacion activa
109,1,GA,poblacional,22721.0,22721.0,True,False,7759.299999999988,8073.0,-313.70000000001164,7745.4,31144.859999999986,-305.9000000000102,68,0,109,Explotacion activa
110,1,GA,poblacional,22721.0,22721.0,True,False,7873.899999999987,8190.0,-316.1000000000131,7780.5,31000.79999999999,-306.8000000000102,69,0,110,Explotacion activa
111,1,GA,poblacional,22721.0,22721.0,True,False,7988.69999999999,8307.0,-318.3000000000102,7815.599999999999,30856.73999999999,-307.70000000001016,70,0,111,Explotacion activa
112,1,GA,poblacional,22721.0,22721.0,True,False,8103.69999999999,8424.0,-320.3000000000102,7850.7,30712.69999999999,-308.3000000000102,71,0,112,Explotacion activa
113,1,GA,poblacional,22721.0,22721.0,True,False,8218.899999999987,8541.0,-322.1000000000131,7885.8,30568.69999999999,-308.3000000000102,72,0,113,Explotacion activa
114,1,GA,poblacional,22721.0,22721.0,True,False,8334.299999999988,8658.0,-323.70000000001164,7920.9,30424.69999999999,-308.3000000000102,73,0,114,Explotacion activa
115,1,GA,poblacional,22721.0,22721.0,True,False,277.5,0.0,277.5,7839.0,30280.69999999999,-308.3000000000102,74,1,115,Explotacion activa
116,1,GA,poblacional,22721.0,22721.0,True,False,277.5,0.0,277.5,7757.099999999999,30136.759999999987,-306.20000000001016,75,2,116,Explotacion activa
117,1,GA,poblacional,22721.0,22721.0,True,False,277.5,0.0,277.5,7675.2,29992.81999999999,-304.02000000001135,76,3,117,Explotacion activa
118,1,GA,poblacional,22721.0,22721.0,True,False,277.5,0.0,277.5,7593.3,29848.879999999986,-301.76000000001295,77,4,118,Explotacion activa
119,1,GA,poblacional,22721.0,22721.0,True,False,277.5,0.0,277.5,7511.4,29704.979999999985,-299.38000000001193,78,5,119,Explotacion activa
120,1,GA,poblacional,22721.0,22721.0,True,False,277.5,0.0,277.5,7429.5,29561.099999999988,-296.90000000001237,79,6,120,Explotacion activa
121,1,GA,poblacional,22721.0,22721.0,True,False,277.5,0.0,277.5,7347.599999999999,29417.219999999987,-294.34000000001254,80,7,121,Explotacion activa
122,1,GA,poblacional,22721.0,22721.0,True,False,277.5,0.0,277.5,7265.7,29273.359999999986,-291.68000000001047,81,8,122,Explotacion activa
123,1,GA,poblacional,22721.0,22721.0,True,False,277.5,0.0,277.5,7183.8,29129.539999999986,-288.9000000000102,82,9,123,Explotacion activa
124,1,GA,poblacional,22721.0,22721.0,True,False,277.5,0.0,277.5,7101.9,28985.719999999987,-286.04000000001105,83,10,124,Explotacion activa
125,1,GA,poblacional,22721.0,22721.0,True,False,277.5,0.0,277.5,7020.0,28841.899999999987,-283.1000000000131,84,11,125,Explotacion activa
126,1,GA,poblacional,22721.0,22721.0,True,False,277.5,0.0,277.5,6938.099999999999,28770.319999999985,-280.0200000000121,85,12,126,Explotacion activa
127,1,GA,poblacional,22721.0,22721.0,True,False,277.5,0.0,277.5,6856.2,28698.739999999987,-276.86000000001223,86,13,127,Explotacion activa
128,1,GA,poblacional,22721.0,22721.0,True,False,277.5,0.0,277.5,6774.3,28627.159999999985,-273.62000000001285,87,14,128,Explotacion activa
129,1,GA,poblacional,22721.0,22721.0,True,False,277.5,0.0,277.5,6692.4,28555.17999999999,-270.2600000000108,88,15,129,Explotacion activa
130,1,GA,poblacional,22721.0,22721.0,True,False,277.5,0.0,277.5,6610.5,28482.99999999999,-266.8000000000102,89,16,130,Explotacion activa
131,1,GA,poblacional,22721.0,22721.0,True,False,277.5,0.0,277.5,5241.600000000005,28410.81999999999,-155.94000000001046,90,17,131,Explotacion activa
132,1,GA,poblacional,22721.0,22721.0,True,False,277.5,0.0,277.5,655.1999999999861,27654.55999999998,223.3199999999982,91,18,132,Explotacion activa
133,1,GA,poblacional,22721.0,22721.0,True,False,277.5,0.0,277.5,0.0,25530.13999999995,277.5,92,19,133,Explotacion activa
134,1,GA,poblacional,22721.0,22721.0,True,False,277.5,0.0,277.5,0.0,23405.71999999997,277.5,93,20,134,Explotacion activa
135,1,GA,poblacional,22721.0,22721.0,True,False,277.5,0.0,277.5,0.0,21281.29999999999,277.5,94,21,135,Explotacion activa
136,1,GA,poblacional,22721.0,22721.0,True,False,277.5,0.0,277.5,0.0,21185.179999999986,277.5,95,22,136,Explotacion activa
137,1,GA,poblacional,22721.0,22721.0,True,False,277.5,0.0,277.5,0.0,21089.059999999987,277.5,96,23,137,Explotacion activa
138,1,GA,poblacional,22721.0,22721.0,True,False,277.5,0.0,277.5,0.0,20992.939999999984,277.5,97,24,138,Explotacion activa
139,1,GA,poblacional,22721.0,22721.0,True,True,277.5,0.0,277.5,0.0,20896.859999999986,277.5,98,25,139,ESTANCAMIENTO (Fire)
140,2,ILS,trayectoria,22721.0,22721.0,False,False,,,,,,,0,0,1,Llenando ventana
141,2,ILS,trayectoria,22721.0,22721.0,False,False,,,,,,,1,0,2,Llenando ventana
142,2,ILS,trayectoria,22721.0,22721.0,False,False,,,,,,,2,0,3,Llenando ventana
143,2,ILS,trayectoria,22721.0,22721.0,False,False,,,,,,,3,0,4,Llenando ventana
144,2,ILS,trayectoria,22721.0,22721.0,False,False,,,,,,,4,0,5,Llenando ventana
145,2,ILS,trayectoria,22721.0,22721.0,False,False,,,,,,,5,0,6,Llenando ventana
146,2,ILS,trayectoria,22721.0,22721.0,False,False,,,,,,,6,0,7,Llenando ventana
147,2,ILS,trayectoria,22721.0,22721.0,False,False,,,,,,,7,0,8,Llenando ventana
148,2,ILS,trayectoria,22721.0,22721.0,False,False,,,,,,,8,0,9,Llenando ventana
149,2,ILS,trayectoria,22721.0,22721.0,False,False,,,,,,,9,0,10,Llenando ventana
150,2,ILS,trayectoria,22721.0,22721.0,False,False,,,,,,,10,0,11,Llenando ventana
151,2,ILS,trayectoria,22721.0,22721.0,False,False,,,,,,,11,0,12,Llenando ventana
152,2,ILS,trayectoria,22721.0,22721.0,False,False,,,,,,,12,0,13,Llenando ventana
153,2,ILS,trayectoria,22721.0,22721.0,False,False,,,,,,,13,0,14,Llenando ventana
154,2,ILS,trayectoria,22721.0,22721.0,False,False,,,,,,,14,0,15,Llenando ventana
155,2,ILS,trayectoria,22721.0,22721.0,False,False,,,,,,,15,0,16,Llenando ventana
156,2,ILS,trayectoria,22721.0,22721.0,False,False,,,,,,,16,0,17,Llenando ventana
157,2,ILS,trayectoria,22721.0,22721.0,False,False,,,,,,,17,0,18,Llenando ventana
158,2,ILS,trayectoria,22721.0,22721.0,False,False,,,,,,,18,0,19,Llenando ventana
159,2,ILS,trayectoria,22721.0,22721.0,False,False,,,,,,,19,0,20,Llenando ventana
160,2,ILS,trayectoria,22721.0,22721.0,False,False,,,,,,,20,0,21,Llenando ventana
161,2,ILS,trayectoria,22721.0,22721.0,False,False,,,,,,,21,0,22,Llenando ventana
162,2,ILS,trayectoria,22721.0,22721.0,False,False,,,,,,,22,0,23,Llenando ventana
163,2,ILS,trayectoria,22721.0,22721.0,False,False,,,,,,,23,0,24,Llenando ventana
164,2,ILS,trayectoria,22721.0,22721.0,False,False,,,,,,,24,0,25,Llenando ventana
165,2,ILS,trayectoria,22721.0,22721.0,False,False,,,,,,,25,0,26,Llenando ventana
166,2,ILS,trayectoria,22721.0,22721.0,False,False,,,,,,,26,0,27,Llenando ventana
167,2,ILS,trayectoria,22721.0,22721.0,False,False,,,,,,,27,0,28,Llenando ventana
168,2,ILS,trayectoria,22721.0,22721.0,False,False,,,,,,,28,0,29,Llenando ventana
169,2,ILS,trayectoria,22721.0,22721.0,False,False,,,,,,,29,0,30,Llenando ventana
170,2,ILS,trayectoria,22721.0,22721.0,False,False,,,,,,,30,0,31,Llenando ventana
171,2,ILS,trayectoria,22721.0,22721.0,False,False,,,,,,,31,0,32,Llenando ventana
172,2,ILS,trayectoria,22721.0,22721.0,False,False,,,,,,,32,0,33,Llenando ventana
173,2,ILS,trayectoria,22721.0,22721.0,False,False,,,,,,,33,0,34,Llenando ventana
174,2,ILS,trayectoria,22721.0,22721.0,False,False,,,,,,,34,0,35,Llenando ventana
175,2,ILS,trayectoria,22721.0,22721.0,False,False,,,,,,,35,0,36,Llenando ventana
176,2,ILS,trayectoria,22721.0,22721.0,False,False,,,,,,,36,0,37,Llenando ventana
177,2,ILS,trayectoria,22721.0,22721.0,False,False,,,,,,,37,0,38,Llenando ventana
178,2,ILS,trayectoria,22721.0,22721.0,False,False,,,,,,,38,0,39,Llenando ventana
179,2,ILS,trayectoria,22721.0,22721.0,False,False,,,,,,,39,0,40,Llenando ventana
180,2,ILS,trayectoria,22721.0,22721.0,False,False,,,,,,,40,0,41,Llenando ventana
181,2,ILS,trayectoria,22721.0,22721.0,False,False,,,,,,,41,0,42,Llenando ventana
182,2,ILS,trayectoria,22721.0,22721.0,False,False,,,,,,,42,0,43,Llenando ventana
183,2,ILS,trayectoria,22721.0,22721.0,False,False,,,,,,,43,0,44,Llenando ventana
184,2,ILS,trayectoria,22721.0,22721.0,False,False,,,,,,,44,0,45,Llenando ventana
185,2,ILS,trayectoria,22721.0,22721.0,False,False,,,,,,,45,0,46,Llenando ventana
186,2,ILS,trayectoria,22721.0,22721.0,False,False,,,,,,,46,0,47,Llenando ventana
187,2,ILS,trayectoria,22721.0,22721.0,False,False,,,,,,,47,0,48,Llenando ventana
188,2,ILS,trayectoria,22721.0,22721.0,False,False,,,,,,,48,0,49,Llenando ventana
189,2,ILS,trayectoria,22721.0,22721.0,False,False,,,,,,,49,0,50,Llenando ventana
190,2,ILS,trayectoria,22721.0,22721.0,False,False,,,,,,,50,0,51,Llenando ventana
191,2,ILS,trayectoria,22721.0,22721.0,False,False,,,,,,,51,0,52,Llenando ventana
192,2,ILS,trayectoria,22721.0,22721.0,False,False,,,,,,,52,0,53,Llenando ventana
193,2,ILS,trayectoria,22721.0,22721.0,False,False,,,,,,,53,0,54,Llenando ventana
194,2,ILS,trayectoria,22721.0,22721.0,False,False,,,,,,,54,0,55,Llenando ventana
195,2,ILS,trayectoria,22721.0,22721.0,False,False,,,,,,,55,0,56,Llenando ventana
196,2,ILS,trayectoria,22721.0,22721.0,False,False,,,,,,,56,0,57,Llenando ventana
197,2,ILS,trayectoria,22721.0,22721.0,False,False,,,,,,,57,0,58,Llenando ventana
198,2,ILS,trayectoria,22721.0,22721.0,False,False,,,,,,,58,0,59,Llenando ventana
199,2,ILS,trayectoria,22721.0,22721.0,False,False,,,,,,,59,0,60,Llenando ventana
200,2,ILS,trayectoria,22721.0,22721.0,False,False,,,,,,,60,0,61,Llenando ventana
201,2,ILS,trayectoria,22721.0,22721.0,False,False,,,,,,,61,0,62,Llenando ventana
202,2,ILS,trayectoria,22721.0,22721.0,False,False,,,,,,,62,0,63,Llenando ventana
203,2,ILS,trayectoria,22721.0,22721.0,False,False,,,,,,,63,0,64,Llenando ventana
204,2,ILS,trayectoria,22721.0,22721.0,False,False,,,,,,,64,0,65,Llenando ventana
205,2,ILS,trayectoria,22721.0,22721.0,False,False,,,,,,,65,0,66,Llenando ventana
206,2,ILS,trayectoria,22721.0,22721.0,False,False,,,,,,,66,0,67,Llenando ventana
207,2,ILS,trayectoria,22721.0,22721.0,False,False,,,,,,,67,0,68,Llenando ventana
208,2,ILS,trayectoria,22721.0,22721.0,False,False,,,,,,,68,0,69,Llenando ventana
209,2,ILS,trayectoria,22721.0,22721.0,False,False,,,,,,,69,0,70,Llenando ventana
210,2,ILS,trayectoria,22721.0,22721.0,False,False,,,,,,,70,0,71,Llenando ventana
211,2,ILS,trayectoria,22721.0,22721.0,False,False,,,,,,,71,0,72,Llenando ventana
212,2,ILS,trayectoria,22721.0,22721.0,False,False,,,,,,,72,0,73,Llenando ventana
213,2,ILS,trayectoria,22721.0,22721.0,False,False,,,,,,,73,0,74,Llenando ventana
214,2,ILS,trayectoria,22721.0,22721.0,True,False,277.5,0.0,277.5,7.5,37.5,22.5,74,1,75,Explotacion activa
215,2,ILS,trayectoria,22721.0,22721.0,True,False,277.5,0.0,277.5,7.5,37.5,22.5,75,2,76,Explotacion activa
216,2,ILS,trayectoria,22721.0,22721.0,True,False,277.5,0.0,277.5,7.5,37.5,22.5,76,3,77,Explotacion activa
217,2,ILS,trayectoria,22721.0,22721.0,True,False,277.5,0.0,277.5,7.5,37.5,22.5,77,4,78,Explotacion activa
218,2,ILS,trayectoria,22721.0,22721.0,True,False,277.5,0.0,277.5,7.5,37.5,22.5,78,5,79,Explotacion activa
219,2,ILS,trayectoria,22721.0,22721.0,True,False,277.5,0.0,277.5,7.5,37.5,22.5,79,6,80,Explotacion activa
220,2,ILS,trayectoria,22721.0,22721.0,True,False,277.5,0.0,277.5,7.5,37.5,22.5,80,7,81,Explotacion activa
221,2,ILS,trayectoria,22721.0,22721.0,True,False,277.5,0.0,277.5,7.5,37.5,22.5,81,8,82,Explotacion activa
222,2,ILS,trayectoria,23025.0,23025.0,True,False,566.6999999999971,304.0,262.6999999999971,7.5,37.5,22.5,0,0,83,Explotacion activa
223,2,ILS,trayectoria,23025.0,23025.0,True,False,856.0999999999985,608.0,248.09999999999854,0.0,277.5,277.5,1,0,84,Explotacion activa
224,2,ILS,trayectoria,23025.0,23025.0,True,False,1145.699999999997,912.0,233.6999999999971,0.0,277.5,277.5,2,0,85,Explotacion activa
225,2,ILS,trayectoria,23025.0,23025.0,True,False,1435.5,1216.0,219.5,0.0,479.9399999999978,277.5,3,0,86,Explotacion activa
226,2,ILS,trayectoria,23025.0,23025.0,True,False,1725.5,1520.0,205.5,0.0,682.4599999999973,277.5,4,0,87,Explotacion activa
227,2,ILS,trayectoria,23025.0,23025.0,True,False,2015.699999999997,1824.0,191.6999999999971,0.0,885.0599999999984,277.5,5,0,88,Explotacion activa
228,2,ILS,trayectoria,23025.0,23025.0,True,False,2306.0999999999985,2128.0,178.09999999999854,0.0,1087.779999999997,277.5,6,0,89,Explotacion activa
229,2,ILS,trayectoria,23025.0,23025.0,True,False,2596.699999999997,2432.0,164.6999999999971,0.0,1290.5999999999985,277.5,7,0,90,Explotacion activa
230,2,ILS,trayectoria,23025.0,23025.0,True,False,2887.5,2736.0,151.5,0.0,1493.4999999999998,277.5,8,0,91,Explotacion activa
231,2,ILS,trayectoria,23025.0,23025.0,True,False,3178.5,3040.0,138.5,0.0,1696.4999999999995,277.5,9,0,92,Explotacion activa
232,2,ILS,trayectoria,23025.0,23025.0,True,False,3469.699999999997,3344.0,125.69999999999709,0.0,1899.619999999998,277.5,10,0,93,Explotacion activa
233,2,ILS,trayectoria,23025.0,23025.0,True,False,3761.0999999999985,3648.0,113.09999999999854,0.0,2102.8199999999974,277.5,11,0,94,Explotacion activa
234,2,ILS,trayectoria,23025.0,23025.0,True,False,4052.699999999997,3952.0,100.69999999999709,0.0,2306.0999999999985,277.5,12,0,95,Explotacion activa
235,2,ILS,trayectoria,23025.0,23025.0,True,False,4344.5,4256.0,88.5,0.0,2509.5199999999973,277.5,13,0,96,Explotacion activa
236,2,ILS,trayectoria,23025.0,23025.0,True,False,4636.5,4560.0,76.5,0.0,2713.0199999999977,277.5,14,0,97,Explotacion activa
237,2,ILS,trayectoria,23025.0,23025.0,True,False,4928.699999999997,4864.0,64.69999999999709,0.0,2916.5999999999995,277.5,15,0,98,Explotacion activa
238,2,ILS,trayectoria,23025.0,23025.0,True,False,5221.0999999999985,5168.0,53.099999999998545,60.799999999999784,3120.2999999999993,274.5399999999994,16,0,99,Explotacion activa
239,2,ILS,trayectoria,23025.0,23025.0,True,False,5513.699999999997,5472.0,41.69999999999709,152.0,3324.0999999999985,270.09999999999854,17,0,100,Explotacion activa
240,2,ILS,trayectoria,23025.0,23025.0,True,False,5806.5,5776.0,30.5,243.19999999999993,3527.9799999999973,265.65999999999764,18,0,101,Explotacion activa
241,2,ILS,trayectoria,23025.0,23025.0,True,False,6099.5,6080.0,19.5,334.39999999999986,3731.9599999999978,261.2399999999972,19,0,102,Explotacion activa
242,2,ILS,trayectoria,23025.0,23025.0,True,False,6392.699999999997,6384.0,8.69999999999709,425.60000000000014,3936.059999999997,256.8599999999976,20,0,103,Explotacion activa
243,2,ILS,trayectoria,23025.0,23025.0,True,False,6686.0999999999985,6688.0,-1.9000000000014552,516.7999999999997,4140.239999999997,252.47999999999806,21,0,104,Explotacion activa
244,2,ILS,trayectoria,23025.0,23025.0,True,False,6979.699999999997,6992.0,-12.30000000000291,608.0,4344.5,248.09999999999854,22,0,105,Explotacion activa
245,2,ILS,trayectoria,23025.0,23025.0,True,False,7273.5,7296.0,-22.5,699.1999999999997,4548.9,243.7799999999981,23,0,106,Explotacion activa
246,2,ILS,trayectoria,23025.0,23025.0,True,False,7567.5,7600.0,-32.5,790.3999999999999,4753.379999999998,239.45999999999765,24,0,107,Explotacion activa
247,2,ILS,trayectoria,23025.0,23025.0,True,False,7861.699999999997,7904.0,-42.30000000000291,881.6000000000001,4957.939999999997,235.1399999999972,25,0,108,Explotacion activa
248,2,ILS,trayectoria,23025.0,23025.0,True,False,8156.0999999999985,8208.0,-51.900000000001455,972.7999999999997,5162.619999999997,230.85999999999763,26,0,109,Explotacion activa
249,2,ILS,trayectoria,23025.0,23025.0,True,False,8450.699999999997,8512.0,-61.30000000000291,1064.0,5367.399999999998,226.59999999999854,27,0,110,Explotacion activa
250,2,ILS,trayectoria,23025.0,23025.0,True,False,8745.5,8816.0,-70.5,1155.1999999999996,5572.2599999999975,222.3399999999994,28,0,111,Explotacion activa
251,2,ILS,trayectoria,23025.0,23025.0,True,False,9040.5,9120.0,-79.5,1246.3999999999999,5777.219999999999,218.09999999999997,29,0,112,Explotacion activa
252,2,ILS,trayectoria,23025.0,23025.0,True,False,9335.699999999997,9424.0,-88.30000000000291,1337.6000000000001,5982.299999999999,213.89999999999998,30,0,113,Explotacion activa
253,2,ILS,trayectoria,23025.0,23025.0,True,False,9631.099999999999,9728.0,-96.90000000000146,1428.7999999999997,6187.459999999998,209.69999999999996,31,0,114,Explotacion activa
254,2,ILS,trayectoria,23025.0,23025.0,True,False,9926.699999999997,10032.0,-105.30000000000291,1520.0,6392.699999999997,205.5,32,0,115,Explotacion activa
255,2,ILS,trayectoria,23025.0,23025.0,True,False,10222.5,10336.0,-113.5,1611.1999999999996,6598.079999999998,201.3599999999991,33,0,116,Explotacion activa
256,2,ILS,trayectoria,23025.0,23025.0,True,False,10518.5,10640.0,-121.5,1702.3999999999999,6803.539999999997,197.21999999999824,34,0,117,Explotacion activa
257,2,ILS,trayectoria,23025.0,23025.0,True,False,10814.699999999997,10944.0,-129.3000000000029,1793.6000000000001,7009.079999999997,193.07999999999734,35,0,118,Explotacion activa
258,2,ILS,trayectoria,23025.0,23025.0,True,False,11111.099999999999,11248.0,-136.90000000000146,1884.7999999999997,7214.739999999999,188.97999999999735,36,0,119,Explotacion activa
259,2,ILS,trayectoria,23025.0,23025.0,True,False,11407.699999999997,11552.0,-144.3000000000029,1976.0,7420.499999999999,184.89999999999776,37,0,120,Explotacion activa
260,2,ILS,trayectoria,23025.0,23025.0,True,False,11704.299999999996,11856.0,-151.70000000000437,2067.2,7626.339999999998,180.8199999999982,38,0,121,Explotacion activa
261,2,ILS,trayectoria,23025.0,23025.0,True,False,12000.899999999994,12160.0,-159.10000000000582,2158.4,7832.279999999997,176.75999999999837,39,0,122,Explotacion activa
262,2,ILS,trayectoria,23025.0,23025.0,True,False,12297.499999999993,12464.0,-166.50000000000728,2249.5999999999995,8038.3399999999965,172.73999999999788,40,0,123,Explotacion activa
263,2,ILS,trayectoria,23025.0,23025.0,True,False,12594.099999999991,12768.0,-173.90000000000873,2340.7999999999997,8244.479999999998,168.7199999999975,41,0,124,Explotacion activa
264,2,ILS,trayectoria,23025.0,23025.0,True,False,12890.69999999999,13072.0,-181.3000000000102,2432.0,8450.699999999997,164.6999999999971,42,0,125,Explotacion activa
265,2,ILS,trayectoria,23025.0,23025.0,True,False,13187.299999999988,13376.0,-188.70000000001164,2523.2,8657.059999999998,160.7399999999979,43,0,126,Explotacion activa
266,2,ILS,trayectoria,23025.0,23025.0,True,False,13483.899999999987,13680.0,-196.1000000000131,2614.4,8863.5,156.7799999999988,44,0,127,Explotacion activa
267,2,ILS,trayectoria,23025.0,23025.0,True,False,13780.69999999999,13984.0,-203.3000000000102,2705.5999999999995,9070.019999999999,152.81999999999962,45,0,128,Explotacion activa
268,2,ILS,trayectoria,23025.0,23025.0,True,False,14077.69999999999,14288.0,-210.3000000000102,2796.7999999999997,9276.659999999996,148.89999999999998,46,0,129,Explotacion activa
269,2,ILS,trayectoria,23025.0,23025.0,True,False,14374.899999999987,14592.0,-217.1000000000131,2888.0,9483.399999999998,145.0,47,0,130,Explotacion activa
270,2,ILS,trayectoria,23025.0,23025.0,True,False,14672.299999999988,14896.0,-223.70000000001164,2979.2000000000003,9690.219999999998,141.09999999999994,48,0,131,Explotacion activa
271,2,ILS,trayectoria,23025.0,23025.0,True,False,14969.899999999987,15200.0,-230.1000000000131,3070.399999999999,9897.139999999998,137.2199999999997,49,0,132,Explotacion activa
272,2,ILS,trayectoria,23025.0,23025.0,True,False,15267.69999999999,15504.0,-236.3000000000102,3161.5999999999995,10104.179999999997,133.37999999999877,50,0,133,Explotacion activa
273,2,ILS,trayectoria,23025.0,23025.0,True,False,15565.69999999999,15808.0,-242.3000000000102,3252.7999999999997,10311.3,129.53999999999792,51,0,134,Explotacion activa
274,2,ILS,trayectoria,23025.0,23025.0,True,False,15863.899999999987,16112.0,-248.1000000000131,3344.0,10518.5,125.69999999999709,52,0,135,Explotacion activa
275,2,ILS,trayectoria,23025.0,23025.0,True,False,16162.299999999988,16416.0,-253.70000000001164,3435.2000000000003,10725.839999999997,121.91999999999747,53,0,136,Explotacion activa
276,2,ILS,trayectoria,23025.0,23025.0,True,False,16460.899999999987,16720.0,-259.1000000000131,3526.399999999999,10933.259999999997,118.13999999999794,54,0,137,Explotacion activa
277,2,ILS,trayectoria,23025.0,23025.0,True,False,16759.69999999999,17024.0,-264.3000000000102,3617.5999999999995,11140.759999999997,114.35999999999832,55,0,138,Explotacion activa
278,2,ILS,trayectoria,23025.0,23025.0,True,False,17058.69999999999,17328.0,-269.3000000000102,3708.7999999999997,11348.379999999997,110.61999999999821,56,0,139,Explotacion activa
279,2,ILS,trayectoria,23025.0,23025.0,True,False,17357.899999999987,17632.0,-274.1000000000131,3800.0,11555.999999999996,106.89999999999782,57,0,140,Explotacion activa
280,2,ILS,trayectoria,23025.0,23025.0,True,False,17657.29999999999,17936.0,-278.70000000001164,3891.2000000000003,11763.619999999994,103.17999999999732,58,0,141,Explotacion activa
281,2,ILS,trayectoria,23025.0,23025.0,True,False,17956.899999999987,18240.0,-283.1000000000131,3982.399999999999,11971.239999999994,99.47999999999736,59,0,142,Explotacion activa
282,2,ILS,trayectoria,23025.0,23025.0,True,False,18256.69999999999,18544.0,-287.3000000000102,4073.5999999999995,12178.859999999991,95.81999999999819,60,0,143,Explotacion activa
283,2,ILS,trayectoria,23025.0,23025.0,True,False,18556.69999999999,18848.0,-291.3000000000102,4164.8,12386.479999999992,92.15999999999909,61,0,144,Explotacion activa
284,2,ILS,trayectoria,23025.0,23025.0,True,False,18856.899999999987,19152.0,-295.1000000000131,4256.0,12594.099999999991,88.5,62,0,145,Explotacion activa
285,2,ILS,trayectoria,23025.0,23025.0,True,False,19157.29999999999,19456.0,-298.70000000001164,4347.2,12801.719999999988,84.89999999999995,63,0,146,Explotacion activa
286,2,ILS,trayectoria,23025.0,23025.0,True,False,19457.899999999987,19760.0,-302.1000000000131,4438.4,13009.33999999999,81.29999999999998,64,0,147,Explotacion activa
287,2,ILS,trayectoria,23025.0,23025.0,True,False,19758.69999999999,20064.0,-305.3000000000102,4529.599999999999,13216.959999999986,77.69999999999993,65,0,148,Explotacion activa
288,2,ILS,trayectoria,23025.0,23025.0,True,False,20059.69999999999,20368.0,-308.3000000000102,4620.8,13424.579999999987,74.13999999999939,66,0,149,Explotacion activa
289,2,ILS,trayectoria,23025.0,23025.0,True,False,20360.899999999987,20672.0,-311.1000000000131,4712.0,13632.299999999988,70.59999999999854,67,0,150,Explotacion activa
290,2,ILS,trayectoria,23025.0,23025.0,True,False,20662.29999999999,20976.0,-313.70000000001164,4803.2,13840.09999999999,67.05999999999761,68,0,151,Explotacion activa
291,2,ILS,trayectoria,23025.0,23025.0,True,False,20963.899999999987,21280.0,-316.1000000000131,4894.4,14047.999999999989,63.53999999999722,69,0,152,Explotacion activa
292,2,ILS,trayectoria,23025.0,23025.0,True,False,21265.69999999999,21584.0,-318.3000000000102,4985.599999999999,14256.019999999986,60.05999999999761,70,0,153,Explotacion activa
293,2,ILS,trayectoria,23025.0,23025.0,True,False,21567.69999999999,21888.0,-320.3000000000102,5076.8,14464.119999999986,56.57999999999807,71,0,154,Explotacion activa
294,2,ILS,trayectoria,23025.0,23025.0,True,False,21869.899999999987,22192.0,-322.1000000000131,5168.0,14672.299999999988,53.099999999998545,72,0,155,Explotacion activa
295,2,ILS,trayectoria,23025.0,23025.0,True,False,22172.29999999999,22496.0,-323.70000000001164,5259.2,14880.619999999986,49.67999999999806,73,0,156,Explotacion activa
296,2,ILS,trayectoria,23025.0,23025.0,True,False,277.5,0.0,277.5,5046.4,14791.339999999987,57.73999999999795,74,1,157,Explotacion activa
297,2,ILS,trayectoria,23025.0,23025.0,True,False,277.5,0.0,277.5,4833.599999999999,14702.059999999987,65.87999999999731,75,2,158,Explotacion activa
298,2,ILS,trayectoria,23025.0,23025.0,True,False,277.5,0.0,277.5,4620.8,14612.819999999987,74.13999999999939,76,3,159,Explotacion activa
299,2,ILS,trayectoria,23025.0,23025.0,True,False,277.5,0.0,277.5,4408.0,14523.599999999986,82.49999999999991,77,4,160,Explotacion activa
300,2,ILS,trayectoria,23025.0,23025.0,True,False,277.5,0.0,277.5,4195.2,14434.379999999986,90.93999999999937,78,5,161,Explotacion activa
301,2,ILS,trayectoria,23025.0,23025.0,True,False,277.5,0.0,277.5,3982.399999999999,14345.179999999988,99.47999999999736,79,6,162,Explotacion activa
302,2,ILS,trayectoria,23025.0,23025.0,True,False,277.5,0.0,277.5,3769.5999999999995,14256.019999999986,108.1399999999979,80,7,163,Explotacion activa
303,2,ILS,trayectoria,23025.0,23025.0,True,False,277.5,0.0,277.5,3556.7999999999997,14166.859999999988,116.87999999999808,81,8,164,Explotacion activa
304,2,ILS,trayectoria,23025.0,23025.0,True,False,277.5,0.0,277.5,3344.0,14077.699999999988,125.699999999997,82,9,165,Explotacion activa
305,2,ILS,trayectoria,23025.0,23025.0,True,False,277.5,0.0,277.5,3131.2000000000003,13988.599999999988,134.65999999999906,83,10,166,Explotacion activa
306,2,ILS,trayectoria,23025.0,23025.0,True,False,277.5,0.0,277.5,2918.399999999999,13899.499999999987,143.69999999999987,84,11,167,Explotacion activa
307,2,ILS,trayectoria,23025.0,23025.0,True,False,277.5,0.0,277.5,2705.5999999999995,13810.399999999989,152.81999999999962,85,12,168,Explotacion activa
308,2,ILS,trayectoria,23025.0,23025.0,True,False,277.5,0.0,277.5,2492.7999999999997,13721.33999999999,162.05999999999764,86,13,169,Explotacion activa
309,2,ILS,trayectoria,23025.0,23025.0,True,False,277.5,0.0,277.5,2280.0,13632.299999999988,171.39999999999782,87,14,170,Explotacion activa
310,2,ILS,trayectoria,23025.0,23025.0,True,False,277.5,0.0,277.5,2067.199999999999,13543.259999999984,180.8199999999981,88,15,171,Explotacion activa
311,2,ILS,trayectoria,23025.0,23025.0,True,False,277.5,0.0,277.5,1854.3999999999994,13454.239999999985,190.33999999999713,89,16,172,Explotacion activa
312,2,ILS,trayectoria,23025.0,23025.0,True,False,277.5,0.0,277.5,1641.5999999999995,13365.259999999986,199.97999999999877,90,17,173,Explotacion activa
313,2,ILS,trayectoria,23025.0,23025.0,True,False,277.5,0.0,277.5,1428.7999999999997,13276.279999999988,209.69999999999996,91,18,174,Explotacion activa
314,2,ILS,trayectoria,23025.0,23025.0,True,False,277.5,0.0,277.5,1216.0,13187.299999999988,219.5,92,19,175,Explotacion activa
315,2,ILS,trayectoria,23025.0,23025.0,True,False,277.5,0.0,277.5,1003.1999999999991,13098.319999999985,229.4399999999978,93,20,176,Explotacion activa
316,2,ILS,trayectoria,23025.0,23025.0,True,False,277.5,0.0,277.5,790.3999999999994,13009.339999999987,239.45999999999754,94,21,177,Explotacion activa
317,2,ILS,trayectoria,23025.0,23025.0,True,False,277.5,0.0,277.5,577.5999999999996,12920.359999999988,249.55999999999833,95,22,178,Explotacion activa
318,2,ILS,trayectoria,23025.0,23025.0,True,False,277.5,0.0,277.5,364.7999999999998,12831.37999999999,259.77999999999736,96,23,179,Explotacion activa
319,2,ILS,trayectoria,23025.0,23025.0,True,False,277.5,0.0,277.5,152.0,12742.39999999999,270.09999999999854,97,24,180,Explotacion activa
320,2,ILS,trayectoria,23025.0,23025.0,True,True,277.5,0.0,277.5,0.0,12653.419999999987,277.5,98,25,181,ESTANCAMIENTO (Fire)
321,3,GA,poblacional,23025.0,23025.0,False,False,,,,,,,0,0,1,Llenando ventana
322,3,GA,poblacional,23025.0,23025.0,False,False,,,,,,,1,0,2,Llenando ventana
323,3,GA,poblacional,23025.0,23025.0,False,False,,,,,,,2,0,3,Llenando ventana
324,3,GA,poblacional,23025.0,23025.0,False,False,,,,,,,3,0,4,Llenando ventana
325,3,GA,poblacional,23025.0,23025.0,False,False,,,,,,,4,0,5,Llenando ventana
326,3,GA,poblacional,23025.0,23025.0,False,False,,,,,,,5,0,6,Llenando ventana
327,3,GA,poblacional,23025.0,23025.0,False,False,,,,,,,6,0,7,Llenando ventana
328,3,GA,poblacional,23025.0,23025.0,False,False,,,,,,,7,0,8,Llenando ventana
329,3,GA,poblacional,23025.0,23025.0,False,False,,,,,,,8,0,9,Llenando ventana
330,3,GA,poblacional,23025.0,23025.0,False,False,,,,,,,9,0,10,Llenando ventana
331,3,GA,poblacional,23025.0,23025.0,False,False,,,,,,,10,0,11,Llenando ventana
332,3,GA,poblacional,23025.0,23025.0,False,False,,,,,,,11,0,12,Llenando ventana
333,3,GA,poblacional,23025.0,23025.0,False,False,,,,,,,12,0,13,Llenando ventana
334,3,GA,poblacional,23025.0,23025.0,False,False,,,,,,,13,0,14,Llenando ventana
335,3,GA,poblacional,23025.0,23025.0,False,False,,,,,,,14,0,15,Llenando ventana
336,3,GA,poblacional,23025.0,23025.0,False,False,,,,,,,15,0,16,Llenando ventana
337,3,GA,poblacional,23025.0,23025.0,False,False,,,,,,,16,0,17,Llenando ventana
338,3,GA,poblacional,23025.0,23025.0,False,False,,,,,,,17,0,18,Llenando ventana
339,3,GA,poblacional,23025.0,23025.0,False,False,,,,,,,18,0,19,Llenando ventana
340,3,GA,poblacional,23025.0,23025.0,False,False,,,,,,,19,0,20,Llenando ventana
341,3,GA,poblacional,23025.0,23025.0,False,False,,,,,,,20,0,21,Llenando ventana
342,3,GA,poblacional,23025.0,23025.0,False,False,,,,,,,21,0,22,Llenando ventana
343,3,GA,poblacional,23025.0,23025.0,False,False,,,,,,,22,0,23,Llenando ventana
344,3,GA,poblacional,23025.0,23025.0,False,False,,,,,,,23,0,24,Llenando ventana
345,3,GA,poblacional,23025.0,23025.0,False,False,,,,,,,24,0,25,Llenando ventana
346,3,GA,poblacional,23025.0,23025.0,False,False,,,,,,,25,0,26,Llenando ventana
347,3,GA,poblacional,23025.0,23025.0,False,False,,,,,,,26,0,27,Llenando ventana
348,3,GA,poblacional,23025.0,23025.0,False,False,,,,,,,27,0,28,Llenando ventana
349,3,GA,poblacional,23025.0,23025.0,False,False,,,,,,,28,0,29,Llenando ventana
350,3,GA,poblacional,23025.0,23025.0,False,False,,,,,,,29,0,30,Llenando ventana
351,3,GA,poblacional,23025.0,23025.0,False,False,,,,,,,30,0,31,Llenando ventana
352,3,GA,poblacional,23025.0,23025.0,False,False,,,,,,,31,0,32,Llenando ventana
353,3,GA,poblacional,23025.0,23025.0,False,False,,,,,,,32,0,33,Llenando ventana
354,3,GA,poblacional,23025.0,23025.0,False,False,,,,,,,33,0,34,Llenando ventana
355,3,GA,poblacional,23025.0,23025.0,False,False,,,,,,,34,0,35,Llenando ventana
356,3,GA,poblacional,23025.0,23025.0,False,False,,,,,,,35,0,36,Llenando ventana
357,3,GA,poblacional,23025.0,23025.0,False,False,,,,,,,36,0,37,Llenando ventana
358,3,GA,poblacional,23025.0,23025.0,False,False,,,,,,,37,0,38,Llenando ventana
359,3,GA,poblacional,23025.0,23025.0,False,False,,,,,,,38,0,39,Llenando ventana
360,3,GA,poblacional,23025.0,23025.0,False,False,,,,,,,39,0,40,Llenando ventana
361,3,GA,poblacional,23025.0,23025.0,False,False,,,,,,,40,0,41,Llenando ventana
362,3,GA,poblacional,23025.0,23025.0,False,False,,,,,,,41,0,42,Llenando ventana
363,3,GA,poblacional,23025.0,23025.0,False,False,,,,,,,42,0,43,Llenando ventana
364,3,GA,poblacional,23025.0,23025.0,False,False,,,,,,,43,0,44,Llenando ventana
365,3,GA,poblacional,23025.0,23025.0,False,False,,,,,,,44,0,45,Llenando ventana
366,3,GA,poblacional,23025.0,23025.0,False,False,,,,,,,45,0,46,Llenando ventana
367,3,GA,poblacional,23025.0,23025.0,False,False,,,,,,,46,0,47,Llenando ventana
368,3,GA,poblacional,23025.0,23025.0,False,False,,,,,,,47,0,48,Llenando ventana
369,3,GA,poblacional,23025.0,23025.0,False,False,,,,,,,48,0,49,Llenando ventana
370,3,GA,poblacional,23025.0,23025.0,False,False,,,,,,,49,0,50,Llenando ventana
371,3,GA,poblacional,23025.0,23025.0,False,False,,,,,,,50,0,51,Llenando ventana
372,3,GA,poblacional,23025.0,23025.0,False,False,,,,,,,51,0,52,Llenando ventana
373,3,GA,poblacional,23025.0,23025.0,False,False,,,,,,,52,0,53,Llenando ventana
374,3,GA,poblacional,23025.0,23025.0,False,False,,,,,,,53,0,54,Llenando ventana
375,3,GA,poblacional,23025.0,23025.0,False,False,,,,,,,54,0,55,Llenando ventana
376,3,GA,poblacional,23025.0,23025.0,False,False,,,,,,,55,0,56,Llenando ventana
377,3,GA,poblacional,23025.0,23025.0,False,False,,,,,,,56,0,57,Llenando ventana
378,3,GA,poblacional,23025.0,23025.0,False,False,,,,,,,57,0,58,Llenando ventana
379,3,GA,poblacional,23025.0,23025.0,False,False,,,,,,,58,0,59,Llenando ventana
380,3,GA,poblacional,23025.0,23025.0,False,False,,,,,,,59,0,60,Llenando ventana
381,3,GA,poblacional,23025.0,23025.0,False,False,,,,,,,60,0,61,Llenando ventana
382,3,GA,poblacional,23025.0,23025.0,False,False,,,,,,,61,0,62,Llenando ventana
383,3,GA,poblacional,23025.0,23025.0,False,False,,,,,,,62,0,63,Llenando ventana
384,3,GA,poblacional,23025.0,23025.0,False,False,,,,,,,63,0,64,Llenando ventana
385,3,GA,poblacional,23025.0,23025.0,False,False,,,,,,,64,0,65,Llenando ventana
386,3,GA,poblacional,23025.0,23025.0,False,False,,,,,,,65,0,66,Llenando ventana
387,3,GA,poblacional,23025.0,23025.0,False,False,,,,,,,66,0,67,Llenando ventana
388,3,GA,poblacional,23025.0,23025.0,False,False,,,,,,,67,0,68,Llenando ventana
389,3,GA,poblacional,23025.0,23025.0,False,False,,,,,,,68,0,69,Llenando ventana
390,3,GA,poblacional,23025.0,23025.0,False,False,,,,,,,69,0,70,Llenando ventana
391,3,GA,poblacional,23025.0,23025.0,False,False,,,,,,,70,0,71,Llenando ventana
392,3,GA,poblacional,23025.0,23025.0,False,False,,,,,,,71,0,72,Llenando ventana
393,3,GA,poblacional,23025.0,23025.0,False,False,,,,,,,72,0,73,Llenando ventana
394,3,GA,poblacional,23025.0,23025.0,False,False,,,,,,,73,0,74,Llenando ventana
395,3,GA,poblacional,23025.0,23025.0,True,False,277.5,0.0,277.5,7.5,37.5,22.5,74,1,75,Explotacion activa
396,3,GA,poblacional,23025.0,23025.0,True,False,277.5,0.0,277.5,7.5,37.5,22.5,75,2,76,Explotacion activa
397,3,GA,poblacional,23025.0,23025.0,True,False,277.5,0.0,277.5,7.5,37.5,22.5,76,3,77,Explotacion activa
398,3,GA,poblacional,23025.0,23025.0,True,False,277.5,0.0,277.5,7.5,37.5,22.5,77,4,78,Explotacion activa
399,3,GA,poblacional,23025.0,23025.0,True,False,277.5,0.0,277.5,7.5,37.5,22.5,78,5,79,Explotacion activa
400,3,GA,poblacional,23025.0,23025.0,True,False,277.5,0.0,277.5,7.5,37.5,22.5,79,6,80,Explotacion activa
401,3,GA,poblacional,23025.0,23025.0,True,False,277.5,0.0,277.5,7.5,37.5,22.5,80,7,81,Explotacion activa
402,3,GA,poblacional,23025.0,23025.0,True,False,277.5,0.0,277.5,7.5,37.5,22.5,81,8,82,Explotacion activa
403,3,GA,poblacional,23025.0,23025.0,True,False,277.5,0.0,277.5,7.5,37.5,22.5,82,9,83,Explotacion activa
404,3,GA,poblacional,23025.0,23025.0,True,False,277.5,0.0,277.5,0.0,277.5,277.5,83,10,84,Explotacion activa
405,3,GA,poblacional,23025.0,23025.0,True,False,277.5,0.0,277.5,0.0,277.5,277.5,84,11,85,Explotacion activa
406,3,GA,poblacional,23025.0,23025.0,True,False,277.5,0.0,277.5,0.0,277.5,277.5,85,12,86,Explotacion activa
407,3,GA,poblacional,23025.0,23025.0,True,False,277.5,0.0,277.5,0.0,277.5,277.5,86,13,87,Explotacion activa
408,3,GA,poblacional,23025.0,23025.0,True,False,277.5,0.0,277.5,0.0,277.5,277.5,87,14,88,Explotacion activa
409,3,GA,poblacional,23025.0,23025.0,True,False,277.5,0.0,277.5,0.0,277.5,277.5,88,15,89,Explotacion activa
410,3,GA,poblacional,23025.0,23025.0,True,False,277.5,0.0,277.5,0.0,277.5,277.5,89,16,90,Explotacion activa
411,3,GA,poblacional,23025.0,23025.0,True,False,277.5,0.0,277.5,0.0,277.5,277.5,90,17,91,Explotacion activa
412,3,GA,poblacional,23025.0,23025.0,True,False,277.5,0.0,277.5,0.0,277.5,277.5,91,18,92,Explotacion activa
413,3,GA,poblacional,23025.0,23025.0,True,False,277.5,0.0,277.5,0.0,277.5,277.5,92,19,93,Explotacion activa
414,3,GA,poblacional,23025.0,23025.0,True,False,277.5,0.0,277.5,0.0,277.5,277.5,93,20,94,Explotacion activa
415,3,GA,poblacional,23025.0,23025.0,True,False,277.5,0.0,277.5,0.0,277.5,277.5,94,21,95,Explotacion activa
416,3,GA,poblacional,23025.0,23025.0,True,False,277.5,0.0,277.5,0.0,277.5,277.5,95,22,96,Explotacion activa
417,3,GA,poblacional,23025.0,23025.0,True,False,277.5,0.0,277.5,0.0,277.5,277.5,96,23,97,Explotacion activa
418,3,GA,poblacional,23025.0,23025.0,True,False,277.5,0.0,277.5,0.0,277.5,277.5,97,24,98,Explotacion activa
419,3,GA,poblacional,23025.0,23025.0,True,True,277.5,0.0,277.5,0.0,277.5,277.5,98,25,99,ESTANCAMIENTO (Fire)
420,4,TS,trayectoria,23025.0,23025.0,False,False,,,,,,,0,0,1,Llenando ventana
421,4,TS,trayectoria,23025.0,23025.0,False,False,,,,,,,1,0,2,Llenando ventana
422,4,TS,trayectoria,23025.0,23025.0,False,False,,,,,,,2,0,3,Llenando ventana
423,4,TS,trayectoria,23025.0,23025.0,False,False,,,,,,,3,0,4,Llenando ventana
424,4,TS,trayectoria,23025.0,23025.0,False,False,,,,,,,4,0,5,Llenando ventana
425,4,TS,trayectoria,23025.0,23025.0,False,False,,,,,,,5,0,6,Llenando ventana
426,4,TS,trayectoria,23025.0,23025.0,False,False,,,,,,,6,0,7,Llenando ventana
427,4,TS,trayectoria,23025.0,23025.0,False,False,,,,,,,7,0,8,Llenando ventana
428,4,TS,trayectoria,23025.0,23025.0,False,False,,,,,,,8,0,9,Llenando ventana
429,4,TS,trayectoria,23025.0,23025.0,False,False,,,,,,,9,0,10,Llenando ventana
430,4,TS,trayectoria,23025.0,23025.0,False,False,,,,,,,10,0,11,Llenando ventana
431,4,TS,trayectoria,23025.0,23025.0,False,False,,,,,,,11,0,12,Llenando ventana
432,4,TS,trayectoria,23025.0,23025.0,False,False,,,,,,,12,0,13,Llenando ventana
433,4,TS,trayectoria,23025.0,23025.0,False,False,,,,,,,13,0,14,Llenando ventana
434,4,TS,trayectoria,23025.0,23025.0,False,False,,,,,,,14,0,15,Llenando ventana
435,4,TS,trayectoria,23025.0,23025.0,False,False,,,,,,,15,0,16,Llenando ventana
436,4,TS,trayectoria,23025.0,23025.0,False,False,,,,,,,16,0,17,Llenando ventana
437,4,TS,trayectoria,23025.0,23025.0,False,False,,,,,,,17,0,18,Llenando ventana
438,4,TS,trayectoria,23025.0,23025.0,False,False,,,,,,,18,0,19,Llenando ventana
439,4,TS,trayectoria,23025.0,23025.0,False,False,,,,,,,19,0,20,Llenando ventana
440,4,TS,trayectoria,23025.0,23025.0,False,False,,,,,,,20,0,21,Llenando ventana
441,4,TS,trayectoria,23025.0,23025.0,False,False,,,,,,,21,0,22,Llenando ventana
442,4,TS,trayectoria,23025.0,23025.0,False,False,,,,,,,22,0,23,Llenando ventana
443,4,TS,trayectoria,23025.0,23025.0,False,False,,,,,,,23,0,24,Llenando ventana
444,4,TS,trayectoria,23025.0,23025.0,False,False,,,,,,,24,0,25,Llenando ventana
445,4,TS,trayectoria,23025.0,23025.0,False,False,,,,,,,25,0,26,Llenando ventana
446,4,TS,trayectoria,23025.0,23025.0,False,False,,,,,,,26,0,27,Llenando ventana
447,4,TS,trayectoria,23025.0,23025.0,False,False,,,,,,,27,0,28,Llenando ventana
448,4,TS,trayectoria,23025.0,23025.0,False,False,,,,,,,28,0,29,Llenando ventana
449,4,TS,trayectoria,23025.0,23025.0,False,False,,,,,,,29,0,30,Llenando ventana
450,4,TS,trayectoria,23025.0,23025.0,False,False,,,,,,,30,0,31,Llenando ventana
451,4,TS,trayectoria,23025.0,23025.0,False,False,,,,,,,31,0,32,Llenando ventana
452,4,TS,trayectoria,23025.0,23025.0,False,False,,,,,,,32,0,33,Llenando ventana
453,4,TS,trayectoria,23025.0,23025.0,False,False,,,,,,,33,0,34,Llenando ventana
454,4,TS,trayectoria,23025.0,23025.0,False,False,,,,,,,34,0,35,Llenando ventana
455,4,TS,trayectoria,23025.0,23025.0,False,False,,,,,,,35,0,36,Llenando ventana
456,4,TS,trayectoria,23025.0,23025.0,False,False,,,,,,,36,0,37,Llenando ventana
457,4,TS,trayectoria,23025.0,23025.0,False,False,,,,,,,37,0,38,Llenando ventana
458,4,TS,trayectoria,23025.0,23025.0,False,False,,,,,,,38,0,39,Llenando ventana
459,4,TS,trayectoria,23025.0,23025.0,False,False,,,,,,,39,0,40,Llenando ventana
460,4,TS,trayectoria,23025.0,23025.0,False,False,,,,,,,40,0,41,Llenando ventana
461,4,TS,trayectoria,23025.0,23025.0,False,False,,,,,,,41,0,42,Llenando ventana
462,4,TS,trayectoria,23025.0,23025.0,False,False,,,,,,,42,0,43,Llenando ventana
463,4,TS,trayectoria,23025.0,23025.0,False,False,,,,,,,43,0,44,Llenando ventana
464,4,TS,trayectoria,23025.0,23025.0,False,False,,,,,,,44,0,45,Llenando ventana
465,4,TS,trayectoria,23025.0,23025.0,False,False,,,,,,,45,0,46,Llenando ventana
466,4,TS,trayectoria,23025.0,23025.0,False,False,,,,,,,46,0,47,Llenando ventana
467,4,TS,trayectoria,23025.0,23025.0,False,False,,,,,,,47,0,48,Llenando ventana
468,4,TS,trayectoria,23025.0,23025.0,False,False,,,,,,,48,0,49,Llenando ventana
469,4,TS,trayectoria,23025.0,23025.0,False,False,,,,,,,49,0,50,Llenando ventana
470,4,TS,trayectoria,23025.0,23025.0,False,False,,,,,,,50,0,51,Llenando ventana
471,4,TS,trayectoria,23025.0,23025.0,False,False,,,,,,,51,0,52,Llenando ventana
472,4,TS,trayectoria,23025.0,23025.0,False,False,,,,,,,52,0,53,Llenando ventana
473,4,TS,trayectoria,23025.0,23025.0,False,False,,,,,,,53,0,54,Llenando ventana
474,4,TS,trayectoria,23025.0,23025.0,False,False,,,,,,,54,0,55,Llenando ventana
475,4,TS,trayectoria,23025.0,23025.0,False,False,,,,,,,55,0,56,Llenando ventana
476,4,TS,trayectoria,23025.0,23025.0,False,False,,,,,,,56,0,57,Llenando ventana
477,4,TS,trayectoria,23025.0,23025.0,False,False,,,,,,,57,0,58,Llenando ventana
478,4,TS,trayectoria,23025.0,23025.0,False,False,,,,,,,58,0,59,Llenando ventana
479,4,TS,trayectoria,23025.0,23025.0,False,False,,,,,,,59,0,60,Llenando ventana
480,4,TS,trayectoria,23025.0,23025.0,False,False,,,,,,,60,0,61,Llenando ventana
481,4,TS,trayectoria,23025.0,23025.0,False,False,,,,,,,61,0,62,Llenando ventana
482,4,TS,trayectoria,23025.0,23025.0,False,False,,,,,,,62,0,63,Llenando ventana
483,4,TS,trayectoria,23025.0,23025.0,False,False,,,,,,,63,0,64,Llenando ventana
484,4,TS,trayectoria,23025.0,23025.0,False,False,,,,,,,64,0,65,Llenando ventana
485,4,TS,trayectoria,23025.0,23025.0,False,False,,,,,,,65,0,66,Llenando ventana
486,4,TS,trayectoria,23025.0,23025.0,False,False,,,,,,,66,0,67,Llenando ventana
487,4,TS,trayectoria,23025.0,23025.0,False,False,,,,,,,67,0,68,Llenando ventana
488,4,TS,trayectoria,23025.0,23025.0,False,False,,,,,,,68,0,69,Llenando ventana
489,4,TS,trayectoria,23025.0,23025.0,False,False,,,,,,,69,0,70,Llenando ventana
490,4,TS,trayectoria,23025.0,23025.0,False,False,,,,,,,70,0,71,Llenando ventana
491,4,TS,trayectoria,23025.0,23025.0,False,False,,,,,,,71,0,72,Llenando ventana
492,4,TS,trayectoria,23025.0,23025.0,False,False,,,,,,,72,0,73,Llenando ventana
493,4,TS,trayectoria,23025.0,23025.0,False,False,,,,,,,73,0,74,Llenando ventana
494,4,TS,trayectoria,23025.0,23025.0,True,False,277.5,0.0,277.5,7.5,37.5,22.5,74,1,75,Explotacion activa
495,4,TS,trayectoria,23025.0,23025.0,True,False,277.5,0.0,277.5,7.5,37.5,22.5,75,2,76,Explotacion activa
496,4,TS,trayectoria,23025.0,23025.0,True,False,277.5,0.0,277.5,7.5,37.5,22.5,76,3,77,Explotacion activa
497,4,TS,trayectoria,23025.0,23025.0,True,False,277.5,0.0,277.5,7.5,37.5,22.5,77,4,78,Explotacion activa
498,4,TS,trayectoria,23025.0,23025.0,True,False,277.5,0.0,277.5,7.5,37.5,22.5,78,5,79,Explotacion activa
499,4,TS,trayectoria,23025.0,23025.0,True,False,277.5,0.0,277.5,7.5,37.5,22.5,79,6,80,Explotacion activa
500,4,TS,trayectoria,23025.0,23025.0,True,False,277.5,0.0,277.5,7.5,37.5,22.5,80,7,81,Explotacion activa
501,4,TS,trayectoria,23025.0,23025.0,True,False,277.5,0.0,277.5,7.5,37.5,22.5,81,8,82,Explotacion activa
502,4,TS,trayectoria,23025.0,23025.0,True,False,277.5,0.0,277.5,7.5,37.5,22.5,82,9,83,Explotacion activa
503,4,TS,trayectoria,23025.0,23025.0,True,False,277.5,0.0,277.5,0.0,277.5,277.5,83,10,84,Explotacion activa
504,4,TS,trayectoria,23025.0,23025.0,True,False,277.5,0.0,277.5,0.0,277.5,277.5,84,11,85,Explotacion activa
505,4,TS,trayectoria,23025.0,23025.0,True,False,277.5,0.0,277.5,0.0,277.5,277.5,85,12,86,Explotacion activa
506,4,TS,trayectoria,23025.0,23025.0,True,False,277.5,0.0,277.5,0.0,277.5,277.5,86,13,87,Explotacion activa
507,4,TS,trayectoria,23025.0,23025.0,True,False,277.5,0.0,277.5,0.0,277.5,277.5,87,14,88,Explotacion activa
508,4,TS,trayectoria,23025.0,23025.0,True,False,277.5,0.0,277.5,0.0,277.5,277.5,88,15,89,Explotacion activa
509,4,TS,trayectoria,23025.0,23025.0,True,False,277.5,0.0,277.5,0.0,277.5,277.5,89,16,90,Explotacion activa
510,4,TS,trayectoria,23025.0,23025.0,True,False,277.5,0.0,277.5,0.0,277.5,277.5,90,17,91,Explotacion activa
511,4,TS,trayectoria,23025.0,23025.0,True,False,277.5,0.0,277.5,0.0,277.5,277.5,91,18,92,Explotacion activa
512,4,TS,trayectoria,23025.0,23025.0,True,False,277.5,0.0,277.5,0.0,277.5,277.5,92,19,93,Explotacion activa
513,4,TS,trayectoria,23025.0,23025.0,True,False,277.5,0.0,277.5,0.0,277.5,277.5,93,20,94,Explotacion activa
514,4,TS,trayectoria,23025.0,23025.0,True,False,277.5,0.0,277.5,0.0,277.5,277.5,94,21,95,Explotacion activa
515,4,TS,trayectoria,23025.0,23025.0,True,False,277.5,0.0,277.5,0.0,277.5,277.5,95,22,96,Explotacion activa
516,4,TS,trayectoria,23025.0,23025.0,True,False,277.5,0.0,277.5,0.0,277.5,277.5,96,23,97,Explotacion activa
517,4,TS,trayectoria,23025.0,23025.0,True,False,277.5,0.0,277.5,0.0,277.5,277.5,97,24,98,Explotacion activa
518,4,TS,trayectoria,23025.0,23025.0,True,True,277.5,0.0,277.5,0.0,277.5,277.5,98,25,99,ESTANCAMIENTO (Fire)
519,5,GA,poblacional,23025.0,23025.0,False,False,,,,,,,0,0,1,Llenando ventana
520,5,GA,poblacional,23025.0,23025.0,False,False,,,,,,,1,0,2,Llenando ventana
521,5,GA,poblacional,23025.0,23025.0,False,False,,,,,,,2,0,3,Llenando ventana
522,5,GA,poblacional,23025.0,23025.0,False,False,,,,,,,3,0,4,Llenando ventana
523,5,GA,poblacional,23025.0,23025.0,False,False,,,,,,,4,0,5,Llenando ventana
524,5,GA,poblacional,23025.0,23025.0,False,False,,,,,,,5,0,6,Llenando ventana
525,5,GA,poblacional,23025.0,23025.0,False,False,,,,,,,6,0,7,Llenando ventana
526,5,GA,poblacional,23025.0,23025.0,False,False,,,,,,,7,0,8,Llenando ventana
527,5,GA,poblacional,23025.0,23025.0,False,False,,,,,,,8,0,9,Llenando ventana
528,5,GA,poblacional,23025.0,23025.0,False,False,,,,,,,9,0,10,Llenando ventana
529,5,GA,poblacional,23025.0,23025.0,False,False,,,,,,,10,0,11,Llenando ventana
530,5,GA,poblacional,23025.0,23025.0,False,False,,,,,,,11,0,12,Llenando ventana
531,5,GA,poblacional,23025.0,23025.0,False,False,,,,,,,12,0,13,Llenando ventana
532,5,GA,poblacional,23025.0,23025.0,False,False,,,,,,,13,0,14,Llenando ventana
533,5,GA,poblacional,23025.0,23025.0,False,False,,,,,,,14,0,15,Llenando ventana
534,5,GA,poblacional,23025.0,23025.0,False,False,,,,,,,15,0,16,Llenando ventana
535,5,GA,poblacional,23025.0,23025.0,False,False,,,,,,,16,0,17,Llenando ventana
536,5,GA,poblacional,23025.0,23025.0,False,False,,,,,,,17,0,18,Llenando ventana
537,5,GA,poblacional,23025.0,23025.0,False,False,,,,,,,18,0,19,Llenando ventana
538,5,GA,poblacional,23025.0,23025.0,False,False,,,,,,,19,0,20,Llenando ventana
539,5,GA,poblacional,23025.0,23025.0,False,False,,,,,,,20,0,21,Llenando ventana
540,5,GA,poblacional,23025.0,23025.0,False,False,,,,,,,21,0,22,Llenando ventana
541,5,GA,poblacional,23025.0,23025.0,False,False,,,,,,,22,0,23,Llenando ventana
542,5,GA,poblacional,23025.0,23025.0,False,False,,,,,,,23,0,24,Llenando ventana
543,5,GA,poblacional,23025.0,23025.0,False,False,,,,,,,24,0,25,Llenando ventana
544,5,GA,poblacional,23025.0,23025.0,False,False,,,,,,,25,0,26,Llenando ventana
545,5,GA,poblacional,23025.0,23025.0,False,False,,,,,,,26,0,27,Llenando ventana
546,5,GA,poblacional,23025.0,23025.0,False,False,,,,,,,27,0,28,Llenando ventana
547,5,GA,poblacional,23025.0,23025.0,False,False,,,,,,,28,0,29,Llenando ventana
548,5,GA,poblacional,23025.0,23025.0,False,False,,,,,,,29,0,30,Llenando ventana
549,5,GA,poblacional,23025.0,23025.0,False,False,,,,,,,30,0,31,Llenando ventana
550,5,GA,poblacional,23025.0,23025.0,False,False,,,,,,,31,0,32,Llenando ventana
551,5,GA,poblacional,23025.0,23025.0,False,False,,,,,,,32,0,33,Llenando ventana
552,5,GA,poblacional,23025.0,23025.0,False,False,,,,,,,33,0,34,Llenando ventana
553,5,GA,poblacional,23025.0,23025.0,False,False,,,,,,,34,0,35,Llenando ventana
554,5,GA,poblacional,23025.0,23025.0,False,False,,,,,,,35,0,36,Llenando ventana
555,5,GA,poblacional,23025.0,23025.0,False,False,,,,,,,36,0,37,Llenando ventana
556,5,GA,poblacional,23025.0,23025.0,False,False,,,,,,,37,0,38,Llenando ventana
557,5,GA,poblacional,23025.0,23025.0,False,False,,,,,,,38,0,39,Llenando ventana
558,5,GA,poblacional,23025.0,23025.0,False,False,,,,,,,39,0,40,Llenando ventana
559,5,GA,poblacional,23025.0,23025.0,False,False,,,,,,,40,0,41,Llenando ventana
560,5,GA,poblacional,23025.0,23025.0,False,False,,,,,,,41,0,42,Llenando ventana
561,5,GA,poblacional,23025.0,23025.0,False,False,,,,,,,42,0,43,Llenando ventana
562,5,GA,poblacional,23025.0,23025.0,False,False,,,,,,,43,0,44,Llenando ventana
563,5,GA,poblacional,23025.0,23025.0,False,False,,,,,,,44,0,45,Llenando ventana
564,5,GA,poblacional,23025.0,23025.0,False,False,,,,,,,45,0,46,Llenando ventana
565,5,GA,poblacional,23025.0,23025.0,False,False,,,,,,,46,0,47,Llenando ventana
566,5,GA,poblacional,23025.0,23025.0,False,False,,,,,,,47,0,48,Llenando ventana
567,5,GA,poblacional,23025.0,23025.0,False,False,,,,,,,48,0,49,Llenando ventana
568,5,GA,poblacional,23025.0,23025.0,False,False,,,,,,,49,0,50,Llenando ventana
569,5,GA,poblacional,23025.0,23025.0,False,False,,,,,,,50,0,51,Llenando ventana
570,5,GA,poblacional,23025.0,23025.0,False,False,,,,,,,51,0,52,Llenando ventana
571,5,GA,poblacional,23025.0,23025.0,False,False,,,,,,,52,0,53,Llenando ventana
572,5,GA,poblacional,23025.0,23025.0,False,False,,,,,,,53,0,54,Llenando ventana
573,5,GA,poblacional,23025.0,23025.0,False,False,,,,,,,54,0,55,Llenando ventana
574,5,GA,poblacional,23025.0,23025.0,False,False,,,,,,,55,0,56,Llenando ventana
575,5,GA,poblacional,23025.0,23025.0,False,False,,,,,,,56,0,57,Llenando ventana
576,5,GA,poblacional,23025.0,23025.0,False,False,,,,,,,57,0,58,Llenando ventana
577,5,GA,poblacional,23025.0,23025.0,False,False,,,,,,,58,0,59,Llenando ventana
578,5,GA,poblacional,23025.0,23025.0,False,False,,,,,,,59,0,60,Llenando ventana
579,5,GA,poblacional,23025.0,23025.0,False,False,,,,,,,60,0,61,Llenando ventana
580,5,GA,poblacional,23025.0,23025.0,False,False,,,,,,,61,0,62,Llenando ventana
581,5,GA,poblacional,23025.0,23025.0,False,False,,,,,,,62,0,63,Llenando ventana
582,5,GA,poblacional,23025.0,23025.0,False,False,,,,,,,63,0,64,Llenando ventana
583,5,GA,poblacional,23025.0,23025.0,False,False,,,,,,,64,0,65,Llenando ventana
584,5,GA,poblacional,23025.0,23025.0,False,False,,,,,,,65,0,66,Llenando ventana
585,5,GA,poblacional,23025.0,23025.0,False,False,,,,,,,66,0,67,Llenando ventana
586,5,GA,poblacional,23025.0,23025.0,False,False,,,,,,,67,0,68,Llenando ventana
587,5,GA,poblacional,23025.0,23025.0,False,False,,,,,,,68,0,69,Llenando ventana
588,5,GA,poblacional,23025.0,23025.0,False,False,,,,,,,69,0,70,Llenando ventana
589,5,GA,poblacional,23025.0,23025.0,False,False,,,,,,,70,0,71,Llenando ventana
590,5,GA,poblacional,23025.0,23025.0,False,False,,,,,,,71,0,72,Llenando ventana
591,5,GA,poblacional,23025.0,23025.0,False,False,,,,,,,72,0,73,Llenando ventana
592,5,GA,poblacional,23025.0,23025.0,False,False,,,,,,,73,0,74,Llenando ventana
593,5,GA,poblacional,23025.0,23025.0,True,False,277.5,0.0,277.5,7.5,37.5,22.5,74,1,75,Explotacion activa
594,5,GA,poblacional,23025.0,23025.0,True,False,277.5,0.0,277.5,7.5,37.5,22.5,75,2,76,Explotacion activa
595,5,GA,poblacional,23025.0,23025.0,True,False,277.5,0.0,277.5,7.5,37.5,22.5,76,3,77,Explotacion activa
596,5,GA,poblacional,23025.0,23025.0,True,False,277.5,0.0,277.5,7.5,37.5,22.5,77,4,78,Explotacion activa
597,5,GA,poblacional,23025.0,23025.0,True,False,277.5,0.0,277.5,7.5,37.5,22.5,78,5,79,Explotacion activa
598,5,GA,poblacional,23025.0,23025.0,True,False,277.5,0.0,277.5,7.5,37.5,22.5,79,6,80,Explotacion activa
599,5,GA,poblacional,23025.0,23025.0,True,False,277.5,0.0,277.5,7.5,37.5,22.5,80,7,81,Explotacion activa
600,5,GA,poblacional,23025.0,23025.0,True,False,277.5,0.0,277.5,7.5,37.5,22.5,81,8,82,Explotacion activa
601,5,GA,poblacional,23025.0,23025.0,True,False,277.5,0.0,277.5,7.5,37.5,22.5,82,9,83,Explotacion activa
602,5,GA,poblacional,23025.0,23025.0,True,False,277.5,0.0,277.5,0.0,277.5,277.5,83,10,84,Explotacion activa
603,5,GA,poblacional,23025.0,23025.0,True,False,277.5,0.0,277.5,0.0,277.5,277.5,84,11,85,Explotacion activa
604,5,GA,poblacional,23025.0,23025.0,True,False,277.5,0.0,277.5,0.0,277.5,277.5,85,12,86,Explotacion activa
605,5,GA,poblacional,23025.0,23025.0,True,False,277.5,0.0,277.5,0.0,277.5,277.5,86,13,87,Explotacion activa
606,5,GA,poblacional,23025.0,23025.0,True,False,277.5,0.0,277.5,0.0,277.5,277.5,87,14,88,Explotacion activa
607,5,GA,poblacional,23025.0,23025.0,True,False,277.5,0.0,277.5,0.0,277.5,277.5,88,15,89,Explotacion activa
608,5,GA,poblacional,23025.0,23025.0,True,False,277.5,0.0,277.5,0.0,277.5,277.5,89,16,90,Explotacion activa
609,5,GA,poblacional,23025.0,23025.0,True,False,277.5,0.0,277.5,0.0,277.5,277.5,90,17,91,Explotacion activa
610,5,GA,poblacional,23025.0,23025.0,True,False,277.5,0.0,277.5,0.0,277.5,277.5,91,18,92,Explotacion activa
611,5,GA,poblacional,23025.0,23025.0,True,False,277.5,0.0,277.5,0.0,277.5,277.5,92,19,93,Explotacion activa
612,5,GA,poblacional,23025.0,23025.0,True,False,277.5,0.0,277.5,0.0,277.5,277.5,93,20,94,Explotacion activa
613,5,GA,poblacional,23025.0,23025.0,True,False,277.5,0.0,277.5,0.0,277.5,277.5,94,21,95,Explotacion activa
614,5,GA,poblacional,23025.0,23025.0,True,False,277.5,0.0,277.5,0.0,277.5,277.5,95,22,96,Explotacion activa
615,5,GA,poblacional,23025.0,23025.0,True,False,277.5,0.0,277.5,0.0,277.5,277.5,96,23,97,Explotacion activa
616,5,GA,poblacional,23025.0,23025.0,True,False,277.5,0.0,277.5,0.0,277.5,277.5,97,24,98,Explotacion activa
617,5,GA,poblacional,23025.0,23025.0,True,True,277.5,0.0,277.5,0.0,277.5,277.5,98,25,99,ESTANCAMIENTO (Fire)
618,6,ILS,trayectoria,23025.0,23025.0,False,False,,,,,,,0,0,1,Llenando ventana
619,6,ILS,trayectoria,23025.0,23025.0,False,False,,,,,,,1,0,2,Llenando ventana
620,6,ILS,trayectoria,23025.0,23025.0,False,False,,,,,,,2,0,3,Llenando ventana
621,6,ILS,trayectoria,23025.0,23025.0,False,False,,,,,,,3,0,4,Llenando ventana
622,6,ILS,trayectoria,23025.0,23025.0,False,False,,,,,,,4,0,5,Llenando ventana
623,6,ILS,trayectoria,23025.0,23025.0,False,False,,,,,,,5,0,6,Llenando ventana
624,6,ILS,trayectoria,23025.0,23025.0,False,False,,,,,,,6,0,7,Llenando ventana
625,6,ILS,trayectoria,23025.0,23025.0,False,False,,,,,,,7,0,8,Llenando ventana
626,6,ILS,trayectoria,23025.0,23025.0,False,False,,,,,,,8,0,9,Llenando ventana
627,6,ILS,trayectoria,23025.0,23025.0,False,False,,,,,,,9,0,10,Llenando ventana
628,6,ILS,trayectoria,23025.0,23025.0,False,False,,,,,,,10,0,11,Llenando ventana
629,6,ILS,trayectoria,23025.0,23025.0,False,False,,,,,,,11,0,12,Llenando ventana
630,6,ILS,trayectoria,23025.0,23025.0,False,False,,,,,,,12,0,13,Llenando ventana
631,6,ILS,trayectoria,23025.0,23025.0,False,False,,,,,,,13,0,14,Llenando ventana
632,6,ILS,trayectoria,23025.0,23025.0,False,False,,,,,,,14,0,15,Llenando ventana
633,6,ILS,trayectoria,23025.0,23025.0,False,False,,,,,,,15,0,16,Llenando ventana
634,6,ILS,trayectoria,23025.0,23025.0,False,False,,,,,,,16,0,17,Llenando ventana
635,6,ILS,trayectoria,23025.0,23025.0,False,False,,,,,,,17,0,18,Llenando ventana
636,6,ILS,trayectoria,23025.0,23025.0,False,False,,,,,,,18,0,19,Llenando ventana
637,6,ILS,trayectoria,23025.0,23025.0,False,False,,,,,,,19,0,20,Llenando ventana
638,6,ILS,trayectoria,23025.0,23025.0,False,False,,,,,,,20,0,21,Llenando ventana
639,6,ILS,trayectoria,23025.0,23025.0,False,False,,,,,,,21,0,22,Llenando ventana
640,6,ILS,trayectoria,23025.0,23025.0,False,False,,,,,,,22,0,23,Llenando ventana
641,6,ILS,trayectoria,23025.0,23025.0,False,False,,,,,,,23,0,24,Llenando ventana
642,6,ILS,trayectoria,23025.0,23025.0,False,False,,,,,,,24,0,25,Llenando ventana
643,6,ILS,trayectoria,23025.0,23025.0,False,False,,,,,,,25,0,26,Llenando ventana
644,6,ILS,trayectoria,23025.0,23025.0,False,False,,,,,,,26,0,27,Llenando ventana
645,6,ILS,trayectoria,23025.0,23025.0,False,False,,,,,,,27,0,28,Llenando ventana
646,6,ILS,trayectoria,23025.0,23025.0,False,False,,,,,,,28,0,29,Llenando ventana
647,6,ILS,trayectoria,23025.0,23025.0,False,False,,,,,,,29,0,30,Llenando ventana
648,6,ILS,trayectoria,23025.0,23025.0,False,False,,,,,,,30,0,31,Llenando ventana
649,6,ILS,trayectoria,23025.0,23025.0,False,False,,,,,,,31,0,32,Llenando ventana
650,6,ILS,trayectoria,23025.0,23025.0,False,False,,,,,,,32,0,33,Llenando ventana
651,6,ILS,trayectoria,23025.0,23025.0,False,False,,,,,,,33,0,34,Llenando ventana
652,6,ILS,trayectoria,23025.0,23025.0,False,False,,,,,,,34,0,35,Llenando ventana
653,6,ILS,trayectoria,23025.0,23025.0,False,False,,,,,,,35,0,36,Llenando ventana
654,6,ILS,trayectoria,23025.0,23025.0,False,False,,,,,,,36,0,37,Llenando ventana
655,6,ILS,trayectoria,23025.0,23025.0,False,False,,,,,,,37,0,38,Llenando ventana
656,6,ILS,trayectoria,23025.0,23025.0,False,False,,,,,,,38,0,39,Llenando ventana
657,6,ILS,trayectoria,23025.0,23025.0,False,False,,,,,,,39,0,40,Llenando ventana
658,6,ILS,trayectoria,23025.0,23025.0,False,False,,,,,,,40,0,41,Llenando ventana
659,6,ILS,trayectoria,23025.0,23025.0,False,False,,,,,,,41,0,42,Llenando ventana
660,6,ILS,trayectoria,23025.0,23025.0,False,False,,,,,,,42,0,43,Llenando ventana
661,6,ILS,trayectoria,23025.0,23025.0,False,False,,,,,,,43,0,44,Llenando ventana
662,6,ILS,trayectoria,23025.0,23025.0,False,False,,,,,,,44,0,45,Llenando ventana
663,6,ILS,trayectoria,23025.0,23025.0,False,False,,,,,,,45,0,46,Llenando ventana
664,6,ILS,trayectoria,23025.0,23025.0,False,False,,,,,,,46,0,47,Llenando ventana
665,6,ILS,trayectoria,23025.0,23025.0,False,False,,,,,,,47,0,48,Llenando ventana
666,6,ILS,trayectoria,23025.0,23025.0,False,False,,,,,,,48,0,49,Llenando ventana
667,6,ILS,trayectoria,23025.0,23025.0,False,False,,,,,,,49,0,50,Llenando ventana
668,6,ILS,trayectoria,23025.0,23025.0,False,False,,,,,,,50,0,51,Llenando ventana
669,6,ILS,trayectoria,23025.0,23025.0,False,False,,,,,,,51,0,52,Llenando ventana
670,6,ILS,trayectoria,23025.0,23025.0,False,False,,,,,,,52,0,53,Llenando ventana
671,6,ILS,trayectoria,23025.0,23025.0,False,False,,,,,,,53,0,54,Llenando ventana
672,6,ILS,trayectoria,23025.0,23025.0,False,False,,,,,,,54,0,55,Llenando ventana
673,6,ILS,trayectoria,23025.0,23025.0,False,False,,,,,,,55,0,56,Llenando ventana
674,6,ILS,trayectoria,23025.0,23025.0,False,False,,,,,,,56,0,57,Llenando ventana
675,6,ILS,trayectoria,23025.0,23025.0,False,False,,,,,,,57,0,58,Llenando ventana
676,6,ILS,trayectoria,23025.0,23025.0,False,False,,,,,,,58,0,59,Llenando ventana
677,6,ILS,trayectoria,23025.0,23025.0,False,False,,,,,,,59,0,60,Llenando ventana
678,6,ILS,trayectoria,23025.0,23025.0,False,False,,,,,,,60,0,61,Llenando ventana
679,6,ILS,trayectoria,23025.0,23025.0,False,False,,,,,,,61,0,62,Llenando ventana
680,6,ILS,trayectoria,23025.0,23025.0,False,False,,,,,,,62,0,63,Llenando ventana
681,6,ILS,trayectoria,23025.0,23025.0,False,False,,,,,,,63,0,64,Llenando ventana
682,6,ILS,trayectoria,23025.0,23025.0,False,False,,,,,,,64,0,65,Llenando ventana
683,6,ILS,trayectoria,23025.0,23025.0,False,False,,,,,,,65,0,66,Llenando ventana
684,6,ILS,trayectoria,23025.0,23025.0,False,False,,,,,,,66,0,67,Llenando ventana
685,6,ILS,trayectoria,23025.0,23025.0,False,False,,,,,,,67,0,68,Llenando ventana
686,6,ILS,trayectoria,23025.0,23025.0,False,False,,,,,,,68,0,69,Llenando ventana
687,6,ILS,trayectoria,23025.0,23025.0,False,False,,,,,,,69,0,70,Llenando ventana
688,6,ILS,trayectoria,23025.0,23025.0,False,False,,,,,,,70,0,71,Llenando ventana
689,6,ILS,trayectoria,23025.0,23025.0,False,False,,,,,,,71,0,72,Llenando ventana
690,6,ILS,trayectoria,23025.0,23025.0,False,False,,,,,,,72,0,73,Llenando ventana
691,6,ILS,trayectoria,23025.0,23025.0,False,False,,,,,,,73,0,74,Llenando ventana
692,6,ILS,trayectoria,23025.0,23025.0,True,False,277.5,0.0,277.5,7.5,37.5,22.5,74,1,75,Explotacion activa
693,6,ILS,trayectoria,23025.0,23025.0,True,False,277.5,0.0,277.5,7.5,37.5,22.5,75,2,76,Explotacion activa
694,6,ILS,trayectoria,23025.0,23025.0,True,False,277.5,0.0,277.5,7.5,37.5,22.5,76,3,77,Explotacion activa
695,6,ILS,trayectoria,23025.0,23025.0,True,False,277.5,0.0,277.5,7.5,37.5,22.5,77,4,78,Explotacion activa
696,6,ILS,trayectoria,23025.0,23025.0,True,False,277.5,0.0,277.5,7.5,37.5,22.5,78,5,79,Explotacion activa
697,6,ILS,trayectoria,23025.0,23025.0,True,False,277.5,0.0,277.5,7.5,37.5,22.5,79,6,80,Explotacion activa
698,6,ILS,trayectoria,23025.0,23025.0,True,False,277.5,0.0,277.5,7.5,37.5,22.5,80,7,81,Explotacion activa
699,6,ILS,trayectoria,23025.0,23025.0,True,False,277.5,0.0,277.5,7.5,37.5,22.5,81,8,82,Explotacion activa
700,6,ILS,trayectoria,23025.0,23025.0,True,False,277.5,0.0,277.5,7.5,37.5,22.5,82,9,83,Explotacion activa
701,6,ILS,trayectoria,23025.0,23025.0,True,False,277.5,0.0,277.5,0.0,277.5,277.5,83,10,84,Explotacion activa
702,6,ILS,trayectoria,23025.0,23025.0,True,False,277.5,0.0,277.5,0.0,277.5,277.5,84,11,85,Explotacion activa
703,6,ILS,trayectoria,23025.0,23025.0,True,False,277.5,0.0,277.5,0.0,277.5,277.5,85,12,86,Explotacion activa
704,6,ILS,trayectoria,23025.0,23025.0,True,False,277.5,0.0,277.5,0.0,277.5,277.5,86,13,87,Explotacion activa
705,6,ILS,trayectoria,23025.0,23025.0,True,False,277.5,0.0,277.5,0.0,277.5,277.5,87,14,88,Explotacion activa
706,6,ILS,trayectoria,23025.0,23025.0,True,False,277.5,0.0,277.5,0.0,277.5,277.5,88,15,89,Explotacion activa
707,6,ILS,trayectoria,23025.0,23025.0,True,False,277.5,0.0,277.5,0.0,277.5,277.5,89,16,90,Explotacion activa
708,6,ILS,trayectoria,23025.0,23025.0,True,False,277.5,0.0,277.5,0.0,277.5,277.5,90,17,91,Explotacion activa
709,6,ILS,trayectoria,23025.0,23025.0,True,False,277.5,0.0,277.5,0.0,277.5,277.5,91,18,92,Explotacion activa
710,6,ILS,trayectoria,23025.0,23025.0,True,False,277.5,0.0,277.5,0.0,277.5,277.5,92,19,93,Explotacion activa
711,6,ILS,trayectoria,23025.0,23025.0,True,False,277.5,0.0,277.5,0.0,277.5,277.5,93,20,94,Explotacion activa
712,6,ILS,trayectoria,23025.0,23025.0,True,False,277.5,0.0,277.5,0.0,277.5,277.5,94,21,95,Explotacion activa
713,6,ILS,trayectoria,23025.0,23025.0,True,False,277.5,0.0,277.5,0.0,277.5,277.5,95,22,96,Explotacion activa
714,6,ILS,trayectoria,23025.0,23025.0,True,False,277.5,0.0,277.5,0.0,277.5,277.5,96,23,97,Explotacion activa
715,6,ILS,trayectoria,23025.0,23025.0,True,False,277.5,0.0,277.5,0.0,277.5,277.5,97,24,98,Explotacion activa
716,6,ILS,trayectoria,23025.0,23025.0,True,True,277.5,0.0,277.5,0.0,277.5,277.5,98,25,99,ESTANCAMIENTO (Fire)
717,7,PSO,poblacional,23025.0,23025.0,False,False,,,,,,,0,0,1,Llenando ventana
718,7,PSO,poblacional,23025.0,23025.0,False,False,,,,,,,1,0,2,Llenando ventana
719,7,PSO,poblacional,23025.0,23025.0,False,False,,,,,,,2,0,3,Llenando ventana
720,7,PSO,poblacional,23025.0,23025.0,False,False,,,,,,,3,0,4,Llenando ventana
721,7,PSO,poblacional,23025.0,23025.0,False,False,,,,,,,4,0,5,Llenando ventana
722,7,PSO,poblacional,23025.0,23025.0,False,False,,,,,,,5,0,6,Llenando ventana
723,7,PSO,poblacional,23025.0,23025.0,False,False,,,,,,,6,0,7,Llenando ventana
724,7,PSO,poblacional,23025.0,23025.0,False,False,,,,,,,7,0,8,Llenando ventana
725,7,PSO,poblacional,23025.0,23025.0,False,False,,,,,,,8,0,9,Llenando ventana
726,7,PSO,poblacional,23025.0,23025.0,False,False,,,,,,,9,0,10,Llenando ventana
727,7,PSO,poblacional,23025.0,23025.0,False,False,,,,,,,10,0,11,Llenando ventana
728,7,PSO,poblacional,23025.0,23025.0,False,False,,,,,,,11,0,12,Llenando ventana
729,7,PSO,poblacional,23025.0,23025.0,False,False,,,,,,,12,0,13,Llenando ventana
730,7,PSO,poblacional,23025.0,23025.0,False,False,,,,,,,13,0,14,Llenando ventana
731,7,PSO,poblacional,23025.0,23025.0,False,False,,,,,,,14,0,15,Llenando ventana
732,7,PSO,poblacional,23025.0,23025.0,False,False,,,,,,,15,0,16,Llenando ventana
733,7,PSO,poblacional,23025.0,23025.0,False,False,,,,,,,16,0,17,Llenando ventana
734,7,PSO,poblacional,23025.0,23025.0,False,False,,,,,,,17,0,18,Llenando ventana
735,7,PSO,poblacional,23025.0,23025.0,False,False,,,,,,,18,0,19,Llenando ventana
736,7,PSO,poblacional,23025.0,23025.0,False,False,,,,,,,19,0,20,Llenando ventana
737,7,PSO,poblacional,23025.0,23025.0,False,False,,,,,,,20,0,21,Llenando ventana
738,7,PSO,poblacional,23025.0,23025.0,False,False,,,,,,,21,0,22,Llenando ventana
739,7,PSO,poblacional,23025.0,23025.0,False,False,,,,,,,22,0,23,Llenando ventana
740,7,PSO,poblacional,23025.0,23025.0,False,False,,,,,,,23,0,24,Llenando ventana
741,7,PSO,poblacional,23025.0,23025.0,False,False,,,,,,,24,0,25,Llenando ventana
742,7,PSO,poblacional,23025.0,23025.0,False,False,,,,,,,25,0,26,Llenando ventana
743,7,PSO,poblacional,23025.0,23025.0,False,False,,,,,,,26,0,27,Llenando ventana
744,7,PSO,poblacional,23025.0,23025.0,False,False,,,,,,,27,0,28,Llenando ventana
745,7,PSO,poblacional,23025.0,23025.0,False,False,,,,,,,28,0,29,Llenando ventana
746,7,PSO,poblacional,23025.0,23025.0,False,False,,,,,,,29,0,30,Llenando ventana
747,7,PSO,poblacional,23025.0,23025.0,False,False,,,,,,,30,0,31,Llenando ventana
748,7,PSO,poblacional,23025.0,23025.0,False,False,,,,,,,31,0,32,Llenando ventana
749,7,PSO,poblacional,23025.0,23025.0,False,False,,,,,,,32,0,33,Llenando ventana
750,7,PSO,poblacional,23025.0,23025.0,False,False,,,,,,,33,0,34,Llenando ventana
751,7,PSO,poblacional,23025.0,23025.0,False,False,,,,,,,34,0,35,Llenando ventana
752,7,PSO,poblacional,23025.0,23025.0,False,False,,,,,,,35,0,36,Llenando ventana
753,7,PSO,poblacional,23025.0,23025.0,False,False,,,,,,,36,0,37,Llenando ventana
754,7,PSO,poblacional,23025.0,23025.0,False,False,,,,,,,37,0,38,Llenando ventana
755,7,PSO,poblacional,23025.0,23025.0,False,False,,,,,,,38,0,39,Llenando ventana
756,7,PSO,poblacional,23025.0,23025.0,False,False,,,,,,,39,0,40,Llenando ventana
757,7,PSO,poblacional,23025.0,23025.0,False,False,,,,,,,40,0,41,Llenando ventana
758,7,PSO,poblacional,23025.0,23025.0,False,False,,,,,,,41,0,42,Llenando ventana
759,7,PSO,poblacional,23025.0,23025.0,False,False,,,,,,,42,0,43,Llenando ventana
760,7,PSO,poblacional,23025.0,23025.0,False,False,,,,,,,43,0,44,Llenando ventana
761,7,PSO,poblacional,23025.0,23025.0,False,False,,,,,,,44,0,45,Llenando ventana
762,7,PSO,poblacional,23025.0,23025.0,False,False,,,,,,,45,0,46,Llenando ventana
763,7,PSO,poblacional,23025.0,23025.0,False,False,,,,,,,46,0,47,Llenando ventana
764,7,PSO,poblacional,23025.0,23025.0,False,False,,,,,,,47,0,48,Llenando ventana
765,7,PSO,poblacional,23025.0,23025.0,False,False,,,,,,,48,0,49,Llenando ventana
766,7,PSO,poblacional,23025.0,23025.0,False,False,,,,,,,49,0,50,Llenando ventana
767,7,PSO,poblacional,23025.0,23025.0,False,False,,,,,,,50,0,51,Llenando ventana
768,7,PSO,poblacional,23025.0,23025.0,False,False,,,,,,,51,0,52,Llenando ventana
769,7,PSO,poblacional,23025.0,23025.0,False,False,,,,,,,52,0,53,Llenando ventana
770,7,PSO,poblacional,23025.0,23025.0,False,False,,,,,,,53,0,54,Llenando ventana
771,7,PSO,poblacional,23025.0,23025.0,False,False,,,,,,,54,0,55,Llenando ventana
772,7,PSO,poblacional,23025.0,23025.0,False,False,,,,,,,55,0,56,Llenando ventana
773,7,PSO,poblacional,23025.0,23025.0,False,False,,,,,,,56,0,57,Llenando ventana
774,7,PSO,poblacional,23025.0,23025.0,False,False,,,,,,,57,0,58,Llenando ventana
775,7,PSO,poblacional,23025.0,23025.0,False,False,,,,,,,58,0,59,Llenando ventana
776,7,PSO,poblacional,23025.0,23025.0,False,False,,,,,,,59,0,60,Llenando ventana
777,7,PSO,poblacional,23025.0,23025.0,False,False,,,,,,,60,0,61,Llenando ventana
778,7,PSO,poblacional,23025.0,23025.0,False,False,,,,,,,61,0,62,Llenando ventana
779,7,PSO,poblacional,23025.0,23025.0,False,False,,,,,,,62,0,63,Llenando ventana
780,7,PSO,poblacional,23025.0,23025.0,False,False,,,,,,,63,0,64,Llenando ventana
781,7,PSO,poblacional,23025.0,23025.0,False,False,,,,,,,64,0,65,Llenando ventana
782,7,PSO,poblacional,23025.0,23025.0,False,False,,,,,,,65,0,66,Llenando ventana
783,7,PSO,poblacional,23025.0,23025.0,False,False,,,,,,,66,0,67,Llenando ventana
784,7,PSO,poblacional,23025.0,23025.0,False,False,,,,,,,67,0,68,Llenando ventana
785,7,PSO,poblacional,23025.0,23025.0,False,False,,,,,,,68,0,69,Llenando ventana
786,7,PSO,poblacional,23025.0,23025.0,False,False,,,,,,,69,0,70,Llenando ventana
787,7,PSO,poblacional,23025.0,23025.0,False,False,,,,,,,70,0,71,Llenando ventana
788,7,PSO,poblacional,23025.0,23025.0,False,False,,,,,,,71,0,72,Llenando ventana
789,7,PSO,poblacional,23025.0,23025.0,False,False,,,,,,,72,0,73,Llenando ventana
790,7,PSO,poblacional,23025.0,23025.0,False,False,,,,,,,73,0,74,Llenando ventana
791,7,PSO,poblacional,23025.0,23025.0,True,False,277.5,0.0,277.5,7.5,37.5,22.5,74,1,75,Explotacion activa
792,7,PSO,poblacional,23025.0,23025.0,True,False,277.5,0.0,277.5,7.5,37.5,22.5,75,2,76,Explotacion activa
793,7,PSO,poblacional,23025.0,23025.0,True,False,277.5,0.0,277.5,7.5,37.5,22.5,76,3,77,Explotacion activa
794,7,PSO,poblacional,23025.0,23025.0,True,False,277.5,0.0,277.5,7.5,37.5,22.5,77,4,78,Explotacion activa
795,7,PSO,poblacional,23025.0,23025.0,True,False,277.5,0.0,277.5,7.5,37.5,22.5,78,5,79,Explotacion activa
796,7,PSO,poblacional,23025.0,23025.0,True,False,277.5,0.0,277.5,7.5,37.5,22.5,79,6,80,Explotacion activa
797,7,PSO,poblacional,23025.0,23025.0,True,False,277.5,0.0,277.5,7.5,37.5,22.5,80,7,81,Explotacion activa
798,7,PSO,poblacional,23025.0,23025.0,True,False,277.5,0.0,277.5,7.5,37.5,22.5,81,8,82,Explotacion activa
799,7,PSO,poblacional,23025.0,23025.0,True,False,277.5,0.0,277.5,7.5,37.5,22.5,82,9,83,Explotacion activa
800,7,PSO,poblacional,23025.0,23025.0,True,False,277.5,0.0,277.5,0.0,277.5,277.5,83,10,84,Explotacion activa
801,7,PSO,poblacional,23025.0,23025.0,True,False,277.5,0.0,277.5,0.0,277.5,277.5,84,11,85,Explotacion activa
802,7,PSO,poblacional,23025.0,23025.0,True,False,277.5,0.0,277.5,0.0,277.5,277.5,85,12,86,Explotacion activa
803,7,PSO,poblacional,23025.0,23025.0,True,False,277.5,0.0,277.5,0.0,277.5,277.5,86,13,87,Explotacion activa
804,7,PSO,poblacional,23025.0,23025.0,True,False,277.5,0.0,277.5,0.0,277.5,277.5,87,14,88,Explotacion activa
805,7,PSO,poblacional,23025.0,23025.0,True,False,277.5,0.0,277.5,0.0,277.5,277.5,88,15,89,Explotacion activa
806,7,PSO,poblacional,23025.0,23025.0,True,False,277.5,0.0,277.5,0.0,277.5,277.5,89,16,90,Explotacion activa
807,7,PSO,poblacional,23025.0,23025.0,True,False,277.5,0.0,277.5,0.0,277.5,277.5,90,17,91,Explotacion activa
808,7,PSO,poblacional,23025.0,23025.0,True,False,277.5,0.0,277.5,0.0,277.5,277.5,91,18,92,Explotacion activa
809,7,PSO,poblacional,23025.0,23025.0,True,False,277.5,0.0,277.5,0.0,277.5,277.5,92,19,93,Explotacion activa
810,7,PSO,poblacional,23025.0,23025.0,True,False,277.5,0.0,277.5,0.0,277.5,277.5,93,20,94,Explotacion activa
811,7,PSO,poblacional,23025.0,23025.0,True,False,277.5,0.0,277.5,0.0,277.5,277.5,94,21,95,Explotacion activa
812,7,PSO,poblacional,23025.0,23025.0,True,False,277.5,0.0,277.5,0.0,277.5,277.5,95,22,96,Explotacion activa
813,7,PSO,poblacional,23025.0,23025.0,True,False,277.5,0.0,277.5,0.0,277.5,277.5,96,23,97,Explotacion activa
814,7,PSO,poblacional,23025.0,23025.0,True,False,277.5,0.0,277.5,0.0,277.5,277.5,97,24,98,Explotacion activa
815,7,PSO,poblacional,23025.0,23025.0,True,True,277.5,0.0,277.5,0.0,277.5,277.5,98,25,99,ESTANCAMIENTO (Fire)
816,8,TS,trayectoria,23025.0,23025.0,False,False,,,,,,,0,0,0,Llenando ventana
817,8,TS,trayectoria,23025.0,23025.0,False,False,,,,,,,0,0,0,Llenando ventana
818,8,TS,trayectoria,23025.0,23025.0,False,False,,,,,,,0,0,0,Llenando ventana
819,8,TS,trayectoria,23025.0,23025.0,False,False,,,,,,,0,0,0,Llenando ventana
820,8,TS,trayectoria,23025.0,23025.0,False,False,,,,,,,0,0,0,Llenando ventana
821,8,TS,trayectoria,23025.0,23025.0,False,False,,,,,,,0,0,0,Llenando ventana
822,8,TS,trayectoria,23025.0,23025.0,False,False,,,,,,,0,0,0,Llenando ventana
823,8,TS,trayectoria,23025.0,23025.0,False,False,,,,,,,0,0,0,Llenando ventana
824,8,TS,trayectoria,23025.0,23025.0,False,False,,,,,,,0,0,0,Llenando ventana
825,8,TS,trayectoria,23025.0,23025.0,False,False,,,,,,,0,0,0,Llenando ventana
826,8,TS,trayectoria,23025.0,23025.0,False,False,,,,,,,0,0,0,Llenando ventana
827,8,TS,trayectoria,23025.0,23025.0,False,False,,,,,,,0,0,0,Llenando ventana
828,8,TS,trayectoria,23025.0,23025.0,False,False,,,,,,,0,0,0,Llenando ventana
829,8,TS,trayectoria,23025.0,23025.0,False,False,,,,,,,0,0,0,Llenando ventana
830,8,TS,trayectoria,23025.0,23025.0,False,False,,,,,,,0,0,0,Llenando ventana
831,8,TS,trayectoria,23025.0,23025.0,False,False,,,,,,,0,0,0,Llenando ventana
832,8,TS,trayectoria,23025.0,23025.0,False,False,,,,,,,0,0,0,Llenando ventana
833,8,TS,trayectoria,23025.0,23025.0,False,False,,,,,,,0,0,0,Llenando ventana
834,8,TS,trayectoria,23025.0,23025.0,False,False,,,,,,,0,0,0,Llenando ventana
835,8,TS,trayectoria,23025.0,23025.0,False,False,,,,,,,0,0,0,Llenando ventana
836,8,TS,trayectoria,23025.0,23025.0,False,False,,,,,,,0,0,0,Llenando ventana
837,8,TS,trayectoria,23025.0,23025.0,False,False,,,,,,,0,0,0,Llenando ventana
838,8,TS,trayectoria,23025.0,23025.0,False,False,,,,,,,0,0,0,Llenando ventana
839,8,TS,trayectoria,23025.0,23025.0,False,False,,,,,,,0,0,0,Llenando ventana
840,8,TS,trayectoria,23025.0,23025.0,False,False,,,,,,,0,0,0,Llenando ventana
841,8,TS,trayectoria,23025.0,23025.0,False,False,,,,,,,0,0,0,Llenando ventana
842,8,TS,trayectoria,23025.0,23025.0,False,False,,,,,,,0,0,0,Llenando ventana
843,8,TS,trayectoria,23025.0,23025.0,False,False,,,,,,,0,0,0,Llenando ventana
844,8,TS,trayectoria,23025.0,23025.0,False,False,,,,,,,0,0,0,Llenando ventana
845,8,TS,trayectoria,23025.0,23025.0,False,False,,,,,,,0,0,0,Llenando ventana
846,8,TS,trayectoria,23025.0,23025.0,False,False,,,,,,,0,0,0,Llenando ventana
847,8,TS,trayectoria,23025.0,23025.0,False,False,,,,,,,0,0,0,Llenando ventana
848,8,TS,trayectoria,23025.0,23025.0,False,False,,,,,,,0,0,0,Llenando ventana
849,8,TS,trayectoria,23025.0,23025.0,False,False,,,,,,,0,0,0,Llenando ventana
850,8,TS,trayectoria,23025.0,23025.0,False,False,,,,,,,0,0,0,Llenando ventana
851,8,TS,trayectoria,23025.0,23025.0,False,False,,,,,,,0,0,0,Llenando ventana
852,8,TS,trayectoria,23025.0,23025.0,False,False,,,,,,,0,0,0,Llenando ventana
853,8,TS,trayectoria,23025.0,23025.0,False,False,,,,,,,0,0,0,Llenando ventana
854,8,TS,trayectoria,23025.0,23025.0,False,False,,,,,,,0,0,0,Llenando ventana
855,8,TS,trayectoria,23025.0,23025.0,False,False,,,,,,,0,0,0,Llenando ventana
856,8,TS,trayectoria,23025.0,23025.0,False,False,,,,,,,0,0,0,Llenando ventana
857,8,TS,trayectoria,23025.0,23025.0,False,False,,,,,,,0,0,0,Llenando ventana
858,8,TS,trayectoria,23025.0,23025.0,False,False,,,,,,,0,0,0,Llenando ventana
859,8,TS,trayectoria,23025.0,23025.0,False,False,,,,,,,0,0,0,Llenando ventana
860,8,TS,trayectoria,23025.0,23025.0,False,False,,,,,,,0,0,0,Llenando ventana
861,8,TS,trayectoria,23025.0,23025.0,False,False,,,,,,,0,0,0,Llenando ventana
862,8,TS,trayectoria,23025.0,23025.0,False,False,,,,,,,0,0,0,Llenando ventana
863,8,TS,trayectoria,23025.0,23025.0,False,False,,,,,,,0,0,0,Llenando ventana
864,8,TS,trayectoria,23025.0,23025.0,False,False,,,,,,,0,0,0,Llenando ventana
865,8,TS,trayectoria,23025.0,23025.0,False,False,,,,,,,0,0,0,Llenando ventana
866,8,TS,trayectoria,23025.0,23025.0,False,False,,,,,,,0,0,0,Llenando ventana
867,8,TS,trayectoria,23025.0,23025.0,False,False,,,,,,,0,0,0,Llenando ventana
868,8,TS,trayectoria,23025.0,23025.0,False,False,,,,,,,0,0,0,Llenando ventana
869,8,TS,trayectoria,23025.0,23025.0,False,False,,,,,,,0,0,0,Llenando ventana
870,8,TS,trayectoria,23025.0,23025.0,False,False,,,,,,,0,0,0,Llenando ventana
871,8,TS,trayectoria,23025.0,23025.0,False,False,,,,,,,0,0,0,Llenando ventana
872,8,TS,trayectoria,23025.0,23025.0,False,False,,,,,,,0,0,0,Llenando ventana
873,8,TS,trayectoria,23025.0,23025.0,False,False,,,,,,,0,0,0,Llenando ventana
874,8,TS,trayectoria,23025.0,23025.0,False,False,,,,,,,0,0,0,Llenando ventana
875,8,TS,trayectoria,23025.0,23025.0,False,False,,,,,,,0,0,0,Llenando ventana
876,8,TS,trayectoria,23025.0,23025.0,False,False,,,,,,,0,0,0,Llenando ventana
877,8,TS,trayectoria,23025.0,23025.0,False,False,,,,,,,0,0,0,Llenando ventana
878,8,TS,trayectoria,23025.0,23025.0,False,False,,,,,,,0,0,0,Llenando ventana
879,8,TS,trayectoria,23025.0,23025.0,False,False,,,,,,,0,0,0,Llenando ventana
880,8,TS,trayectoria,23025.0,23025.0,False,False,,,,,,,0,0,0,Llenando ventana
881,8,TS,trayectoria,23025.0,23025.0,False,False,,,,,,,0,0,0,Llenando ventana
882,8,TS,trayectoria,23025.0,23025.0,False,False,,,,,,,0,0,0,Llenando ventana
883,8,TS,trayectoria,23025.0,23025.0,False,False,,,,,,,0,0,0,Llenando ventana
884,8,TS,trayectoria,23025.0,23025.0,False,False,,,,,,,0,0,0,Llenando ventana
885,8,TS,trayectoria,23025.0,23025.0,False,False,,,,,,,0,0,0,Llenando ventana
886,8,TS,trayectoria,23025.0,23025.0,False,False,,,,,,,0,0,0,Llenando ventana
887,8,TS,trayectoria,23025.0,23025.0,False,False,,,,,,,0,0,0,Llenando ventana
888,8,TS,trayectoria,23025.0,23025.0,False,False,,,,,,,0,0,0,Llenando ventana
889,8,TS,trayectoria,23025.0,23025.0,False,False,,,,,,,0,0,0,Llenando ventana
890,8,TS,trayectoria,23025.0,23025.0,False,False,,,277.5,,,,0,0,0,Llenando ventana
891,8,TS,trayectoria,23025.0,23025.0,False,False,,,277.5,,,,0,0,0,Llenando ventana
892,8,TS,trayectoria,23025.0,23025.0,False,False,,,277.5,,,,0,0,0,Llenando ventana
893,8,TS,trayectoria,23025.0,23025.0,False,False,,,277.5,,,,0,0,0,Llenando ventana
894,8,TS,trayectoria,23025.0,23025.0,False,False,,,277.5,,,,0,0,0,Llenando ventana
895,8,TS,trayectoria,23025.0,23025.0,False,False,,,277.5,,,,0,0,0,Llenando ventana
896,8,TS,trayectoria,23025.0,23025.0,False,False,,,277.5,,,,0,0,0,Llenando ventana
897,8,TS,trayectoria,23025.0,23025.0,False,False,,,277.5,,,,0,0,0,Llenando ventana
898,8,TS,trayectoria,23025.0,23025.0,False,False,,,277.5,,,,0,0,0,Llenando ventana
899,8,TS,trayectoria,23025.0,23025.0,False,False,,,277.5,,,,0,0,0,Llenando ventana
900,8,TS,trayectoria,23025.0,23025.0,False,False,,,277.5,,,,0,0,0,Llenando ventana
901,8,TS,trayectoria,23025.0,23025.0,False,False,,,277.5,,,,0,0,0,Llenando ventana
902,8,TS,trayectoria,23025.0,23025.0,False,False,,,277.5,,,,0,0,0,Llenando ventana
903,8,TS,trayectoria,23025.0,23025.0,False,False,,,277.5,,,,0,0,0,Llenando ventana
904,8,TS,trayectoria,23025.0,23025.0,False,False,,,277.5,,,,0,0,0,Llenando ventana
905,8,TS,trayectoria,23025.0,23025.0,False,False,,,277.5,,,,0,0,0,Llenando ventana
906,8,TS,trayectoria,23025.0,23025.0,False,False,,,277.5,,,,0,0,0,Llenando ventana
907,8,TS,trayectoria,23025.0,23025.0,False,False,,,277.5,,,,0,0,0,Llenando ventana
908,8,TS,trayectoria,23025.0,23025.0,False,False,,,277.5,,,,0,0,0,Llenando ventana
909,8,TS,trayectoria,23025.0,23025.0,False,False,,,277.5,,,,0,0,0,Llenando ventana
910,8,TS,trayectoria,23025.0,23025.0,False,False,,,277.5,,,,0,0,0,Llenando ventana
911,8,TS,trayectoria,23025.0,23025.0,False,False,,,277.5,,,,0,0,0,Llenando ventana
912,8,TS,trayectoria,23025.0,23025.0,False,False,,,277.5,,,,0,0,0,Llenando ventana
913,8,TS,trayectoria,23025.0,23025.0,False,False,,,277.5,,,,0,0,0,Llenando ventana
914,8,TS,trayectoria,23025.0,23025.0,False,False,,,277.5,,,,0,0,0,Llenando ventana
915,9,GWO,poblacional,23025.0,23025.0,False,False,,,,,,,0,0,0,Llenando ventana
916,9,GWO,poblacional,23025.0,23025.0,False,False,,,,,,,0,0,0,Llenando ventana
917,9,GWO,poblacional,23025.0,23025.0,False,False,,,,,,,0,0,0,Llenando ventana
918,9,GWO,poblacional,23025.0,23025.0,False,False,,,,,,,0,0,0,Llenando ventana
919,9,GWO,poblacional,23025.0,23025.0,False,False,,,,,,,0,0,0,Llenando ventana
920,9,GWO,poblacional,23025.0,23025.0,False,False,,,,,,,0,0,0,Llenando ventana
921,9,GWO,poblacional,23025.0,23025.0,False,False,,,,,,,0,0,0,Llenando ventana
922,9,GWO,poblacional,23025.0,23025.0,False,False,,,,,,,0,0,0,Llenando ventana
923,9,GWO,poblacional,23025.0,23025.0,False,False,,,,,,,0,0,0,Llenando ventana
924,9,GWO,poblacional,23025.0,23025.0,False,False,,,,,,,0,0,0,Llenando ventana
925,9,GWO,poblacional,23025.0,23025.0,False,False,,,,,,,0,0,0,Llenando ventana
926,9,GWO,poblacional,23025.0,23025.0,False,False,,,,,,,0,0,0,Llenando ventana
927,9,GWO,poblacional,23025.0,23025.0,False,False,,,,,,,0,0,0,Llenando ventana
928,9,GWO,poblacional,23025.0,23025.0,False,False,,,,,,,0,0,0,Llenando ventana
929,9,GWO,poblacional,23025.0,23025.0,False,False,,,,,,,0,0,0,Llenando ventana
930,9,GWO,poblacional,23025.0,23025.0,False,False,,,,,,,0,0,0,Llenando ventana
931,9,GWO,poblacional,23025.0,23025.0,False,False,,,,,,,0,0,0,Llenando ventana
932,9,GWO,poblacional,23025.0,23025.0,False,False,,,,,,,0,0,0,Llenando ventana
933,9,GWO,poblacional,23025.0,23025.0,False,False,,,,,,,0,0,0,Llenando ventana
934,9,GWO,poblacional,23025.0,23025.0,False,False,,,,,,,0,0,0,Llenando ventana
935,9,GWO,poblacional,23025.0,23025.0,False,False,,,,,,,0,0,0,Llenando ventana
936,9,GWO,poblacional,23025.0,23025.0,False,False,,,,,,,0,0,0,Llenando ventana
937,9,GWO,poblacional,23025.0,23025.0,False,False,,,,,,,0,0,0,Llenando ventana
938,9,GWO,poblacional,23025.0,23025.0,False,False,,,,,,,0,0,0,Llenando ventana
939,9,GWO,poblacional,23025.0,23025.0,False,False,,,,,,,0,0,0,Llenando ventana
940,9,GWO,poblacional,23025.0,23025.0,False,False,,,,,,,0,0,0,Llenando ventana
941,9,GWO,poblacional,23025.0,23025.0,False,False,,,,,,,0,0,0,Llenando ventana
942,9,GWO,poblacional,23025.0,23025.0,False,False,,,,,,,0,0,0,Llenando ventana
943,9,GWO,poblacional,23025.0,23025.0,False,False,,,,,,,0,0,0,Llenando ventana
944,9,GWO,poblacional,23025.0,23025.0,False,False,,,,,,,0,0,0,Llenando ventana
945,9,GWO,poblacional,23025.0,23025.0,False,False,,,,,,,0,0,0,Llenando ventana
946,9,GWO,poblacional,23025.0,23025.0,False,False,,,,,,,0,0,0,Llenando ventana
947,9,GWO,poblacional,23025.0,23025.0,False,False,,,,,,,0,0,0,Llenando ventana
948,9,GWO,poblacional,23025.0,23025.0,False,False,,,,,,,0,0,0,Llenando ventana
949,9,GWO,poblacional,23025.0,23025.0,False,False,,,,,,,0,0,0,Llenando ventana
950,9,GWO,poblacional,23025.0,23025.0,False,False,,,,,,,0,0,0,Llenando ventana
951,9,GWO,poblacional,23025.0,23025.0,False,False,,,,,,,0,0,0,Llenando ventana
952,9,GWO,poblacional,23025.0,23025.0,False,False,,,,,,,0,0,0,Llenando ventana
953,9,GWO,poblacional,23025.0,23025.0,False,False,,,,,,,0,0,0,Llenando ventana
954,9,GWO,poblacional,23025.0,23025.0,False,False,,,,,,,0,0,0,Llenando ventana
955,9,GWO,poblacional,23025.0,23025.0,False,False,,,,,,,0,0,0,Llenando ventana
956,9,GWO,poblacional,23025.0,23025.0,False,False,,,,,,,0,0,0,Llenando ventana
957,9,GWO,poblacional,23025.0,23025.0,False,False,,,,,,,0,0,0,Llenando ventana
958,9,GWO,poblacional,23025.0,23025.0,False,False,,,,,,,0,0,0,Llenando ventana
959,9,GWO,poblacional,23025.0,23025.0,False,False,,,,,,,0,0,0,Llenando ventana
960,9,GWO,poblacional,23025.0,23025.0,False,False,,,,,,,0,0,0,Llenando ventana
961,9,GWO,poblacional,23025.0,23025.0,False,False,,,,,,,0,0,0,Llenando ventana
962,9,GWO,poblacional,23025.0,23025.0,False,False,,,,,,,0,0,0,Llenando ventana
963,9,GWO,poblacional,23025.0,23025.0,False,False,,,,,,,0,0,0,Llenando ventana
964,9,GWO,poblacional,23025.0,23025.0,False,False,,,,,,,0,0,0,Llenando ventana
965,9,GWO,poblacional,23025.0,23025.0,False,False,,,,,,,0,0,0,Llenando ventana
966,9,GWO,poblacional,23025.0,23025.0,False,False,,,,,,,0,0,0,Llenando ventana
967,9,GWO,poblacional,23025.0,23025.0,False,False,,,,,,,0,0,0,Llenando ventana
968,9,GWO,poblacional,23025.0,23025.0,False,False,,,,,,,0,0,0,Llenando ventana
969,9,GWO,poblacional,23025.0,23025.0,False,False,,,,,,,0,0,0,Llenando ventana
970,9,GWO,poblacional,23025.0,23025.0,False,False,,,,,,,0,0,0,Llenando ventana
971,9,GWO,poblacional,23025.0,23025.0,False,False,,,,,,,0,0,0,Llenando ventana
972,9,GWO,poblacional,23025.0,23025.0,False,False,,,,,,,0,0,0,Llenando ventana
973,9,GWO,poblacional,23025.0,23025.0,False,False,,,,,,,0,0,0,Llenando ventana
974,9,GWO,poblacional,23025.0,23025.0,False,False,,,,,,,0,0,0,Llenando ventana
975,9,GWO,poblacional,23025.0,23025.0,False,False,,,,,,,0,0,0,Llenando ventana
976,9,GWO,poblacional,23025.0,23025.0,False,False,,,,,,,0,0,0,Llenando ventana
977,9,GWO,poblacional,23025.0,23025.0,False,False,,,,,,,0,0,0,Llenando ventana
978,9,GWO,poblacional,23025.0,23025.0,False,False,,,,,,,0,0,0,Llenando ventana
979,9,GWO,poblacional,23025.0,23025.0,False,False,,,,,,,0,0,0,Llenando ventana
980,9,GWO,poblacional,23025.0,23025.0,False,False,,,,,,,0,0,0,Llenando ventana
981,9,GWO,poblacional,23025.0,23025.0,False,False,,,,,,,0,0,0,Llenando ventana
982,9,GWO,poblacional,23025.0,23025.0,False,False,,,,,,,0,0,0,Llenando ventana
983,9,GWO,poblacional,23025.0,23025.0,False,False,,,,,,,0,0,0,Llenando ventana
984,9,GWO,poblacional,23025.0,23025.0,False,False,,,,,,,0,0,0,Llenando ventana
985,9,GWO,poblacional,23025.0,23025.0,False,False,,,,,,,0,0,0,Llenando ventana
986,9,GWO,poblacional,23025.0,23025.0,False,False,,,,,,,0,0,0,Llenando ventana
987,9,GWO,poblacional,23025.0,23025.0,False,False,,,,,,,0,0,0,Llenando ventana
988,9,GWO,poblacional,23025.0,23025.0,False,False,,,,,,,0,0,0,Llenando ventana
989,9,GWO,poblacional,23025.0,23025.0,False,False,,,277.5,,,,0,0,0,Llenando ventana
990,9,GWO,poblacional,23025.0,23025.0,False,False,,,277.5,,,,0,0,0,Llenando ventana
991,9,GWO,poblacional,23025.0,23025.0,False,False,,,277.5,,,,0,0,0,Llenando ventana
992,9,GWO,poblacional,23025.0,23025.0,False,False,,,277.5,,,,0,0,0,Llenando ventana
993,9,GWO,poblacional,23025.0,23025.0,False,False,,,277.5,,,,0,0,0,Llenando ventana
994,9,GWO,poblacional,23025.0,23025.0,False,False,,,277.5,,,,0,0,0,Llenando ventana
995,9,GWO,poblacional,23025.0,23025.0,False,False,,,277.5,,,,0,0,0,Llenando ventana
996,9,GWO,poblacional,23025.0,23025.0,False,False,,,277.5,,,,0,0,0,Llenando ventana
997,9,GWO,poblacional,23025.0,23025.0,False,False,,,277.5,,,,0,0,0,Llenando ventana
998,9,GWO,poblacional,23025.0,23025.0,False,False,,,277.5,,,,0,0,0,Llenando ventana
999,9,GWO,poblacional,23025.0,23025.0,False,False,,,277.5,,,,0,0,0,Llenando ventana
1000,9,GWO,poblacional,23025.0,23025.0,False,False,,,277.5,,,,0,0,0,Llenando ventana
1001,9,GWO,poblacional,23025.0,23025.0,False,False,,,277.5,,,,0,0,0,Llenando ventana
1002,9,GWO,poblacional,23025.0,23025.0,False,False,,,277.5,,,,0,0,0,Llenando ventana
1003,9,GWO,poblacional,23025.0,23025.0,False,False,,,277.5,,,,0,0,0,Llenando ventana
1004,9,GWO,poblacional,23025.0,23025.0,False,False,,,277.5,,,,0,0,0,Llenando ventana
1005,9,GWO,poblacional,23025.0,23025.0,False,False,,,277.5,,,,0,0,0,Llenando ventana
1006,9,GWO,poblacional,23025.0,23025.0,False,False,,,277.5,,,,0,0,0,Llenando ventana
1007,9,GWO,poblacional,23025.0,23025.0,False,False,,,277.5,,,,0,0,0,Llenando ventana
1008,9,GWO,poblacional,23025.0,23025.0,False,False,,,277.5,,,,0,0,0,Llenando ventana
1009,9,GWO,poblacional,23025.0,23025.0,False,False,,,277.5,,,,0,0,0,Llenando ventana
1010,9,GWO,poblacional,23025.0,23025.0,False,False,,,277.5,,,,0,0,0,Llenando ventana
1011,9,GWO,poblacional,23025.0,23025.0,False,False,,,277.5,,,,0,0,0,Llenando ventana
1012,9,GWO,poblacional,23025.0,23025.0,False,False,,,277.5,,,,0,0,0,Llenando ventana
1013,9,GWO,poblacional,23025.0,23025.0,False,False,,,277.5,,,,0,0,0,Llenando ventana
