funcion,run,mejor_valor,valor_optimo
F1_Shifted_Rotated_Zakharov,1,300.00000000000097,300.0
F1_Shifted_Rotated_Zakharov,2,300.0000000000005,300.0
F1_Shifted_Rotated_Zakharov,3,300.00000220901893,300.0
F1_Shifted_Rotated_Zakharov,4,300.0000000000077,300.0
F1_Shifted_Rotated_Zakharov,5,300.0000000000019,300.0
F1_Shifted_Rotated_Zakharov,6,300.00004517129673,300.0
F1_Shifted_Rotated_Zakharov,7,300.00000000000006,300.0
F1_Shifted_Rotated_Zakharov,8,300.0000000000002,300.0
F1_Shifted_Rotated_Zakharov,9,300.0000000002263,300.0
F1_Shifted_Rotated_Zakharov,10,300.00000000001216,300.0
F1_Shifted_Rotated_Zakharov,11,300.0000000000007,300.0
F1_Shifted_Rotated_Zakharov,12,300.0000000097599,300.0
F1_Shifted_Rotated_Zakharov,13,300.00000000005906,300.0
F1_Shifted_Rotated_Zakharov,14,300.00000000139363,300.0
F1_Shifted_Rotated_Zakharov,15,300.00000000000006,300.0
F1_Shifted_Rotated_Zakharov,16,300.00000000001546,300.0
F1_Shifted_Rotated_Zakharov,17,300.00000000000006,300.0
F1_Shifted_Rotated_Zakharov,18,300.00000021684286,300.0
F1_Shifted_Rotated_Zakharov,19,300.0000000000002,300.0
F1_Shifted_Rotated_Zakharov,20,479.6915434859047,300.0
F1_Shifted_Rotated_Zakharov,21,300.00000000000966,300.0
F1_Shifted_Rotated_Zakharov,22,300.00000000000017,300.0
F1_Shifted_Rotated_Zakharov,23,300.0000000000001,300.0
F1_Shifted_Rotated_Zakharov,24,300.0000938661378,300.0
F1_Shifted_Rotated_Zakharov,25,300.0000000000028,300.0
F1_Shifted_Rotated_Zakharov,26,300.000000000512,300.0
F1_Shifted_Rotated_Zakharov,27,300.0000000036068,300.0
F1_Shifted_Rotated_Zakharov,28,300.0000000003442,300.0
F1_Shifted_Rotated_Zakharov,29,300.0000000029625,300.0
F1_Shifted_Rotated_Zakharov,30,300.00000004326256,300.0
F1_Shifted_Rotated_Zakharov,31,300.00000000401934,300.0
F2_Shifted_Rotated_Rosenbrock,1,407.46060363049133,400.0
F2_Shifted_Rotated_Rosenbrock,2,404.0012418577021,400.0
F2_Shifted_Rotated_Rosenbrock,3,403.98874626089815,400.0
F2_Shifted_Rotated_Rosenbrock,4,400.2356938598756,400.0
F2_Shifted_Rotated_Rosenbrock,5,408.9161019300603,400.0
F2_Shifted_Rotated_Rosenbrock,6,408.9161019279831,400.0
F2_Shifted_Rotated_Rosenbrock,7,407.38032844016254,400.0
F2_Shifted_Rotated_Rosenbrock,8,408.9161019277813,400.0
F2_Shifted_Rotated_Rosenbrock,9,408.91610192778137,400.0
F2_Shifted_Rotated_Rosenbrock,10,404.3193906886783,400.0
F2_Shifted_Rotated_Rosenbrock,11,408.91610192778137,400.0
F2_Shifted_Rotated_Rosenbrock,12,408.91610192778137,400.0
F2_Shifted_Rotated_Rosenbrock,13,478.4880396929231,400.0
F2_Shifted_Rotated_Rosenbrock,14,408.9161019277813,400.0
F2_Shifted_Rotated_Rosenbrock,15,479.0063724304929,400.0
F2_Shifted_Rotated_Rosenbrock,16,408.91610193042516,400.0
F2_Shifted_Rotated_Rosenbrock,17,408.9161019277813,400.0
F2_Shifted_Rotated_Rosenbrock,18,408.91610222517653,400.0
F2_Shifted_Rotated_Rosenbrock,19,404.59226709992674,400.0
F2_Shifted_Rotated_Rosenbrock,20,408.91610192778137,400.0
F2_Shifted_Rotated_Rosenbrock,21,408.9161019277813,400.0
F2_Shifted_Rotated_Rosenbrock,22,404.4027170982792,400.0
F2_Shifted_Rotated_Rosenbrock,23,400.31027752477615,400.0
F2_Shifted_Rotated_Rosenbrock,24,408.9161019277824,400.0
F2_Shifted_Rotated_Rosenbrock,25,408.9161019277813,400.0
F2_Shifted_Rotated_Rosenbrock,26,404.11071162328665,400.0
F2_Shifted_Rotated_Rosenbrock,27,408.91610192778137,400.0
F2_Shifted_Rotated_Rosenbrock,28,408.91610192778137,400.0
F2_Shifted_Rotated_Rosenbrock,29,408.9161019277813,400.0
F2_Shifted_Rotated_Rosenbrock,30,400.11574559332706,400.0
F2_Shifted_Rotated_Rosenbrock,31,408.9161019277813,400.0
F3_Shifted_Rotated_Expanded_Schaffers_F7,1,605.6646955265417,600.0
F3_Shifted_Rotated_Expanded_Schaffers_F7,2,600.9215636495207,600.0
F3_Shifted_Rotated_Expanded_Schaffers_F7,3,600.0216933467514,600.0
F3_Shifted_Rotated_Expanded_Schaffers_F7,4,613.1954279923178,600.0
F3_Shifted_Rotated_Expanded_Schaffers_F7,5,600.0847456417296,600.0
F3_Shifted_Rotated_Expanded_Schaffers_F7,6,600.0668647499076,600.0
F3_Shifted_Rotated_Expanded_Schaffers_F7,7,602.1703466495612,600.0
F3_Shifted_Rotated_Expanded_Schaffers_F7,8,600.0109782449788,600.0
F3_Shifted_Rotated_Expanded_Schaffers_F7,9,600.7933873319367,600.0
F3_Shifted_Rotated_Expanded_Schaffers_F7,10,605.849427750178,600.0
F3_Shifted_Rotated_Expanded_Schaffers_F7,11,600.0962372545894,600.0
F3_Shifted_Rotated_Expanded_Schaffers_F7,12,600.0871054172504,600.0
F3_Shifted_Rotated_Expanded_Schaffers_F7,13,602.4117132913092,600.0
F3_Shifted_Rotated_Expanded_Schaffers_F7,14,600.0536532547076,600.0
F3_Shifted_Rotated_Expanded_Schaffers_F7,15,610.7644305995584,600.0
F3_Shifted_Rotated_Expanded_Schaffers_F7,16,600.0227104645002,600.0
F3_Shifted_Rotated_Expanded_Schaffers_F7,17,600.0117708055461,600.0
F3_Shifted_Rotated_Expanded_Schaffers_F7,18,600.0463170223352,600.0
F3_Shifted_Rotated_Expanded_Schaffers_F7,19,600.3668307047009,600.0
F3_Shifted_Rotated_Expanded_Schaffers_F7,20,600.4679611708384,600.0
F3_Shifted_Rotated_Expanded_Schaffers_F7,21,604.296240428305,600.0
F3_Shifted_Rotated_Expanded_Schaffers_F7,22,609.8024938506469,600.0
F3_Shifted_Rotated_Expanded_Schaffers_F7,23,600.0219049254516,600.0
F3_Shifted_Rotated_Expanded_Schaffers_F7,24,602.9013150058677,600.0
F3_Shifted_Rotated_Expanded_Schaffers_F7,25,606.1177671622121,600.0
F3_Shifted_Rotated_Expanded_Schaffers_F7,26,600.2830288289052,600.0
F3_Shifted_Rotated_Expanded_Schaffers_F7,27,602.6645140313702,600.0
F3_Shifted_Rotated_Expanded_Schaffers_F7,28,600.8673910288067,600.0
F3_Shifted_Rotated_Expanded_Schaffers_F7,29,604.3633317923661,600.0
F3_Shifted_Rotated_Expanded_Schaffers_F7,30,605.5691061370466,600.0
F3_Shifted_Rotated_Expanded_Schaffers_F7,31,607.0597906979016,600.0
F4_Shifted_Rotated_NonContinuous_Rastrigin,1,819.0,800.0
F4_Shifted_Rotated_NonContinuous_Rastrigin,2,814.0,800.0
F4_Shifted_Rotated_NonContinuous_Rastrigin,3,810.0,800.0
F4_Shifted_Rotated_NonContinuous_Rastrigin,4,822.0,800.0
F4_Shifted_Rotated_NonContinuous_Rastrigin,5,823.0,800.0
F4_Shifted_Rotated_NonContinuous_Rastrigin,6,818.0,800.0
F4_Shifted_Rotated_NonContinuous_Rastrigin,7,820.0,800.0
F4_Shifted_Rotated_NonContinuous_Rastrigin,8,815.0,800.0
F4_Shifted_Rotated_NonContinuous_Rastrigin,9,813.0,800.0
F4_Shifted_Rotated_NonContinuous_Rastrigin,10,825.0,800.0
F4_Shifted_Rotated_NonContinuous_Rastrigin,11,825.0,800.0
F4_Shifted_Rotated_NonContinuous_Rastrigin,12,804.0,800.0
F4_Shifted_Rotated_NonContinuous_Rastrigin,13,807.0,800.0
F4_Shifted_Rotated_NonContinuous_Rastrigin,14,824.0,800.0
F4_Shifted_Rotated_NonContinuous_Rastrigin,15,815.0,800.0
F4_Shifted_Rotated_NonContinuous_Rastrigin,16,814.0,800.0
F4_Shifted_Rotated_NonContinuous_Rastrigin,17,810.0,800.0
F4_Shifted_Rotated_NonContinuous_Rastrigin,18,824.0,800.0
F4_Shifted_Rotated_NonContinuous_Rastrigin,19,821.0,800.0
F4_Shifted_Rotated_NonContinuous_Rastrigin,20,827.0,800.0
F4_Shifted_Rotated_NonContinuous_Rastrigin,21,811.0,800.0
F4_Shifted_Rotated_NonContinuous_Rastrigin,22,812.0,800.0
F4_Shifted_Rotated_NonContinuous_Rastrigin,23,821.0,800.0
F4_Shifted_Rotated_NonContinuous_Rastrigin,24,822.0,800.0
F4_Shifted_Rotated_NonContinuous_Rastrigin,25,820.0,800.0
F4_Shifted_Rotated_NonContinuous_Rastrigin,26,818.0,800.0
F4_Shifted_Rotated_NonContinuous_Rastrigin,27,810.0,800.0
F4_Shifted_Rotated_NonContinuous_Rastrigin,28,824.0,800.0
F4_Shifted_Rotated_NonContinuous_Rastrigin,29,811.0000000000175,800.0
F4_Shifted_Rotated_NonContinuous_Rastrigin,30,812.0,800.0
F4_Shifted_Rotated_NonContinuous_Rastrigin,31,815.0,800.0
F5_Shifted_Rotated_Levy,1,900.000077091148,900.0
F5_Shifted_Rotated_Levy,2,900.0000016408957,900.0
F5_Shifted_Rotated_Levy,3,900.0000801914142,900.0
F5_Shifted_Rotated_Levy,4,900.454324018591,900.0
F5_Shifted_Rotated_Levy,5,900.0000184371685,900.0
F5_Shifted_Rotated_Levy,6,900.0,900.0
F5_Shifted_Rotated_Levy,7,900.0000000000002,900.0
F5_Shifted_Rotated_Levy,8,900.0000016165126,900.0
F5_Shifted_Rotated_Levy,9,900.4543242138114,900.0
F5_Shifted_Rotated_Levy,10,900.0,900.0
F5_Shifted_Rotated_Levy,11,900.0000000000003,900.0
F5_Shifted_Rotated_Levy,12,900.0000027007175,900.0
F5_Shifted_Rotated_Levy,13,900.000041647062,900.0
F5_Shifted_Rotated_Levy,14,900.0000000000001,900.0
F5_Shifted_Rotated_Levy,15,900.0000000000069,900.0
F5_Shifted_Rotated_Levy,16,900.0895282504167,900.0
F5_Shifted_Rotated_Levy,17,900.0000000000003,900.0
F5_Shifted_Rotated_Levy,18,900.0000250787285,900.0
F5_Shifted_Rotated_Levy,19,902.612953518187,900.0
F5_Shifted_Rotated_Levy,20,900.0000002466296,900.0
F5_Shifted_Rotated_Levy,21,900.0000000000001,900.0
F5_Shifted_Rotated_Levy,22,900.0000019911886,900.0
F5_Shifted_Rotated_Levy,23,900.0000024301563,900.0
F5_Shifted_Rotated_Levy,24,900.4543240190814,900.0
F5_Shifted_Rotated_Levy,25,900.000000000001,900.0
F5_Shifted_Rotated_Levy,26,900.000000086631,900.0
F5_Shifted_Rotated_Levy,27,900.0000002217274,900.0
F5_Shifted_Rotated_Levy,28,900.0895282504166,900.0
F5_Shifted_Rotated_Levy,29,900.0895282504166,900.0
F5_Shifted_Rotated_Levy,30,900.0000548492634,900.0
F5_Shifted_Rotated_Levy,31,1204.8647889148788,900.0
F6_Hybrid_Function_1,1,5160.224127401145,1800.0
F6_Hybrid_Function_1,2,2602.9639861248634,1800.0
F6_Hybrid_Function_1,3,3690.6464827178424,1800.0
F6_Hybrid_Function_1,4,2443.4195888474974,1800.0
F6_Hybrid_Function_1,5,2390.1481931302806,1800.0
F6_Hybrid_Function_1,6,5082.594344525254,1800.0
F6_Hybrid_Function_1,7,2021.3028553194292,1800.0
F6_Hybrid_Function_1,8,4031.1090952768945,1800.0
F6_Hybrid_Function_1,9,7977.571263365431,1800.0
F6_Hybrid_Function_1,10,7490.1511006858855,1800.0
F6_Hybrid_Function_1,11,2324.0725111817615,1800.0
F6_Hybrid_Function_1,12,2479.2841475082287,1800.0
F6_Hybrid_Function_1,13,5186.149377790947,1800.0
F6_Hybrid_Function_1,14,1922.3272805056513,1800.0
F6_Hybrid_Function_1,15,3293.525390652743,1800.0
F6_Hybrid_Function_1,16,3602.732441092305,1800.0
F6_Hybrid_Function_1,17,5898.300550458138,1800.0
F6_Hybrid_Function_1,18,6096.935926811835,1800.0
F6_Hybrid_Function_1,19,4550.417618609867,1800.0
F6_Hybrid_Function_1,20,6780.732288877919,1800.0
F6_Hybrid_Function_1,21,6845.725196040335,1800.0
F6_Hybrid_Function_1,22,4393.943360519483,1800.0
F6_Hybrid_Function_1,23,2156.606908101663,1800.0
F6_Hybrid_Function_1,24,5183.328829754131,1800.0
F6_Hybrid_Function_1,25,2661.1334446224023,1800.0
F6_Hybrid_Function_1,26,1879.4865498658405,1800.0
F6_Hybrid_Function_1,27,2138.8430774796934,1800.0
F6_Hybrid_Function_1,28,1810.459221936273,1800.0
F6_Hybrid_Function_1,29,2242.0903425619736,1800.0
F6_Hybrid_Function_1,30,8017.42902890175,1800.0
F6_Hybrid_Function_1,31,2110.8439488684808,1800.0
F7_Hybrid_Function_2,1,2020.2779591491358,2000.0
F7_Hybrid_Function_2,2,2019.9993914696988,2000.0
F7_Hybrid_Function_2,3,2027.4172032089718,2000.0
F7_Hybrid_Function_2,4,2020.9970137214398,2000.0
F7_Hybrid_Function_2,5,2024.7813471815568,2000.0
F7_Hybrid_Function_2,6,2020.7087954846058,2000.0
F7_Hybrid_Function_2,7,2020.9959598326545,2000.0
F7_Hybrid_Function_2,8,2022.0613411781658,2000.0
F7_Hybrid_Function_2,9,2019.7524917292658,2000.0
F7_Hybrid_Function_2,10,2020.042593008378,2000.0
F7_Hybrid_Function_2,11,2020.038434421496,2000.0
F7_Hybrid_Function_2,12,2020.3589979298615,2000.0
F7_Hybrid_Function_2,13,2019.9996452608837,2000.0
F7_Hybrid_Function_2,14,2021.002575238601,2000.0
F7_Hybrid_Function_2,15,2021.441122524023,2000.0
F7_Hybrid_Function_2,16,2020.5000181354708,2000.0
F7_Hybrid_Function_2,17,2021.98928353392,2000.0
F7_Hybrid_Function_2,18,2000.626549883314,2000.0
F7_Hybrid_Function_2,19,2021.6227797242548,2000.0
F7_Hybrid_Function_2,20,2001.0107862443353,2000.0
F7_Hybrid_Function_2,21,2020.0000749384762,2000.0
F7_Hybrid_Function_2,22,2021.301002496242,2000.0
F7_Hybrid_Function_2,23,2021.6272132853544,2000.0
F7_Hybrid_Function_2,24,2022.1611630459,2000.0
F7_Hybrid_Function_2,25,2025.9370860415768,2000.0
F7_Hybrid_Function_2,26,2020.9948391179105,2000.0
F7_Hybrid_Function_2,27,2021.6222441674386,2000.0
F7_Hybrid_Function_2,28,2020.6260926644748,2000.0
F7_Hybrid_Function_2,29,2001.9900317443648,2000.0
F7_Hybrid_Function_2,30,2021.1570682328613,2000.0
F7_Hybrid_Function_2,31,2029.946730342692,2000.0
F8_Hybrid_Function_3,1,2221.3492572759483,2200.0
F8_Hybrid_Function_3,2,2220.672050053914,2200.0
F8_Hybrid_Function_3,3,2220.218041222229,2200.0
F8_Hybrid_Function_3,4,2221.3778575461442,2200.0
F8_Hybrid_Function_3,5,2220.111296966101,2200.0
F8_Hybrid_Function_3,6,2221.540232708274,2200.0
F8_Hybrid_Function_3,7,2220.161460496211,2200.0
F8_Hybrid_Function_3,8,2220.053777009363,2200.0
F8_Hybrid_Function_3,9,2221.3019054267115,2200.0
F8_Hybrid_Function_3,10,2221.4303408394358,2200.0
F8_Hybrid_Function_3,11,2221.5196735495706,2200.0
F8_Hybrid_Function_3,12,2220.0880901409773,2200.0
F8_Hybrid_Function_3,13,2220.4277469795943,2200.0
F8_Hybrid_Function_3,14,2222.5941330936957,2200.0
F8_Hybrid_Function_3,15,2220.8329001040884,2200.0
F8_Hybrid_Function_3,16,2220.9717942099414,2200.0
F8_Hybrid_Function_3,17,2220.261886823145,2200.0
F8_Hybrid_Function_3,18,2220.798586564134,2200.0
F8_Hybrid_Function_3,19,2202.674801103386,2200.0
F8_Hybrid_Function_3,20,2222.819132356258,2200.0
F8_Hybrid_Function_3,21,2220.044682535011,2200.0
F8_Hybrid_Function_3,22,2220.1803257582515,2200.0
F8_Hybrid_Function_3,23,2222.09284451074,2200.0
F8_Hybrid_Function_3,24,2220.3006487076905,2200.0
F8_Hybrid_Function_3,25,2220.7699613860987,2200.0
F8_Hybrid_Function_3,26,2220.6765830938275,2200.0
F8_Hybrid_Function_3,27,2220.3251462250573,2200.0
F8_Hybrid_Function_3,28,2220.729111242936,2200.0
F8_Hybrid_Function_3,29,2220.7239262086223,2200.0
F8_Hybrid_Function_3,30,2220.776832153507,2200.0
F8_Hybrid_Function_3,31,2219.890071611801,2200.0
F9_Composition_Function_1,1,2529.284382708487,2300.0
F9_Composition_Function_1,2,2529.284382708487,2300.0
F9_Composition_Function_1,3,2676.216330969414,2300.0
F9_Composition_Function_1,4,2529.284382708487,2300.0
F9_Composition_Function_1,5,2529.284382709853,2300.0
F9_Composition_Function_1,6,2529.284382708503,2300.0
F9_Composition_Function_1,7,2529.284382708487,2300.0
F9_Composition_Function_1,8,2529.284382708487,2300.0
F9_Composition_Function_1,9,2529.284382708487,2300.0
F9_Composition_Function_1,10,2529.284382708487,2300.0
F9_Composition_Function_1,11,2529.284382708487,2300.0
F9_Composition_Function_1,12,2529.2843827164484,2300.0
F9_Composition_Function_1,13,2529.284382708487,2300.0
F9_Composition_Function_1,14,2529.284382708487,2300.0
F9_Composition_Function_1,15,2529.284382708487,2300.0
F9_Composition_Function_1,16,2529.284382708694,2300.0
F9_Composition_Function_1,17,2529.284382708487,2300.0
F9_Composition_Function_1,18,2529.284382708492,2300.0
F9_Composition_Function_1,19,2529.284382708487,2300.0
F9_Composition_Function_1,20,2529.284382708527,2300.0
F9_Composition_Function_1,21,2529.284382708487,2300.0
F9_Composition_Function_1,22,2529.284382708487,2300.0
F9_Composition_Function_1,23,2529.284382708487,2300.0
F9_Composition_Function_1,24,2529.284382708487,2300.0
F9_Composition_Function_1,25,2529.2843827091538,2300.0
F9_Composition_Function_1,26,2529.284382708487,2300.0
F9_Composition_Function_1,27,2529.284382708487,2300.0
F9_Composition_Function_1,28,2529.284382708487,2300.0
F9_Composition_Function_1,29,2529.284382708487,2300.0
F9_Composition_Function_1,30,2529.284382708487,2300.0
F9_Composition_Function_1,31,2529.284382708487,2300.0
F10_Composition_Function_2,1,2500.909167804313,2400.0
F10_Composition_Function_2,2,2500.578267957753,2400.0
F10_Composition_Function_2,3,2618.223280832108,2400.0
F10_Composition_Function_2,4,2500.4047188597583,2400.0
F10_Composition_Function_2,5,2624.0779170410383,2400.0
F10_Composition_Function_2,6,2500.559955623118,2400.0
F10_Composition_Function_2,7,2423.596619815501,2400.0
F10_Composition_Function_2,8,2500.2419068342515,2400.0
F10_Composition_Function_2,9,2500.4643302834124,2400.0
F10_Composition_Function_2,10,2500.4024673831746,2400.0
F10_Composition_Function_2,11,2500.393193734169,2400.0
F10_Composition_Function_2,12,2500.293519753967,2400.0
F10_Composition_Function_2,13,2500.6105031523607,2400.0
F10_Composition_Function_2,14,2500.619709457273,2400.0
F10_Composition_Function_2,15,2406.892406363327,2400.0
F10_Composition_Function_2,16,2500.381425397388,2400.0
F10_Composition_Function_2,17,2500.464860474448,2400.0
F10_Composition_Function_2,18,2426.8871200286517,2400.0
F10_Composition_Function_2,19,2610.621198245462,2400.0
F10_Composition_Function_2,20,2619.212334787014,2400.0
F10_Composition_Function_2,21,2638.1117347477125,2400.0
F10_Composition_Function_2,22,2446.8941336806365,2400.0
F10_Composition_Function_2,23,2500.607779254932,2400.0
F10_Composition_Function_2,24,2500.558842944676,2400.0
F10_Composition_Function_2,25,2620.823985458099,2400.0
F10_Composition_Function_2,26,2500.4721170446364,2400.0
F10_Composition_Function_2,27,2500.445300849166,2400.0
F10_Composition_Function_2,28,2619.242255388949,2400.0
F10_Composition_Function_2,29,2639.023659101376,2400.0
F10_Composition_Function_2,30,2500.566593132608,2400.0
F10_Composition_Function_2,31,2500.4500970850704,2400.0
F11_Composition_Function_3,1,2750.42716385982,2600.0
F11_Composition_Function_3,2,2900.0000000000105,2600.0
F11_Composition_Function_3,3,3000.000004859966,2600.0
F11_Composition_Function_3,4,2750.427262257602,2600.0
F11_Composition_Function_3,5,2600.000102986009,2600.0
F11_Composition_Function_3,6,2900.0000000005134,2600.0
F11_Composition_Function_3,7,2750.467376002136,2600.0
F11_Composition_Function_3,8,2750.4271739541687,2600.0
F11_Composition_Function_3,9,2600.0000000086843,2600.0
F11_Composition_Function_3,10,2900.0000000000005,2600.0
F11_Composition_Function_3,11,2750.4271805578264,2600.0
F11_Composition_Function_3,12,2600.000059281944,2600.0
F11_Composition_Function_3,13,2900.000000026236,2600.0
F11_Composition_Function_3,14,2600.000000000737,2600.0
F11_Composition_Function_3,15,2900.0000000074615,2600.0
F11_Composition_Function_3,16,3000.000125005866,2600.0
F11_Composition_Function_3,17,2900.0000015924966,2600.0
F11_Composition_Function_3,18,3000.0000292451655,2600.0
F11_Composition_Function_3,19,2750.4910593979157,2600.0
F11_Composition_Function_3,20,2750.427239548368,2600.0
F11_Composition_Function_3,21,2600.000000000114,2600.0
F11_Composition_Function_3,22,2600.000000000016,2600.0
F11_Composition_Function_3,23,2750.4271640252846,2600.0
F11_Composition_Function_3,24,2900.0000000178666,2600.0
F11_Composition_Function_3,25,2604.952400284532,2600.0
F11_Composition_Function_3,26,2600.000138026014,2600.0
F11_Composition_Function_3,27,2750.473112589792,2600.0
F11_Composition_Function_3,28,2900.0000001024478,2600.0
F11_Composition_Function_3,29,2600.0000000281957,2600.0
F11_Composition_Function_3,30,2750.4271736636438,2600.0
F11_Composition_Function_3,31,2900.0000000256155,2600.0
F12_Composition_Function_4,1,2863.904701435794,2700.0
F12_Composition_Function_4,2,2863.715002548297,2700.0
F12_Composition_Function_4,3,2863.8778864611795,2700.0
F12_Composition_Function_4,4,2865.067589054306,2700.0
F12_Composition_Function_4,5,2865.2126055976833,2700.0
F12_Composition_Function_4,6,2865.212605597664,2700.0
F12_Composition_Function_4,7,2863.49483520288,2700.0
F12_Composition_Function_4,8,2859.392376985386,2700.0
F12_Composition_Function_4,9,2863.878263107764,2700.0
F12_Composition_Function_4,10,2861.530505729629,2700.0
F12_Composition_Function_4,11,2863.7148495493293,2700.0
F12_Composition_Function_4,12,2863.924512134491,2700.0
F12_Composition_Function_4,13,2869.3144291007097,2700.0
F12_Composition_Function_4,14,2863.877803873566,2700.0
F12_Composition_Function_4,15,2862.567376357956,2700.0
F12_Composition_Function_4,16,2863.7148495493743,2700.0
F12_Composition_Function_4,17,2866.6821452778227,2700.0
F12_Composition_Function_4,18,2868.4761082242358,2700.0
F12_Composition_Function_4,19,2864.931007902908,2700.0
F12_Composition_Function_4,20,2862.567376358106,2700.0
F12_Composition_Function_4,21,2863.5207392168177,2700.0
F12_Composition_Function_4,22,2865.349469167849,2700.0
F12_Composition_Function_4,23,2863.859272117575,2700.0
F12_Composition_Function_4,24,2860.183176154384,2700.0
F12_Composition_Function_4,25,2864.0144183815833,2700.0
F12_Composition_Function_4,26,2862.5673763735576,2700.0
F12_Composition_Function_4,27,2861.4352713961307,2700.0
F12_Composition_Function_4,28,2863.1315879473045,2700.0
F12_Composition_Function_4,29,2863.904700421531,2700.0
F12_Composition_Function_4,30,2862.567376357956,2700.0
F12_Composition_Function_4,31,2868.3620275947687,2700.0
