funcion,run,mejor_valor,valor_optimo
F1_Zakharov_Shifted_Rotated,1,300.00000000000574,300.0
F1_Zakharov_Shifted_Rotated,2,300.0000000000688,300.0
F1_Zakharov_Shifted_Rotated,3,300.00000000068826,300.0
F1_Zakharov_Shifted_Rotated,4,300.59855405960093,300.0
F1_Zakharov_Shifted_Rotated,5,300.00000127204385,300.0
F1_Zakharov_Shifted_Rotated,6,300.00000386054,300.0
F1_Zakharov_Shifted_Rotated,7,300.0,300.0
F1_Zakharov_Shifted_Rotated,8,300.0000000000001,300.0
F1_Zakharov_Shifted_Rotated,9,300.0000041250048,300.0
F1_Zakharov_Shifted_Rotated,10,651.7748703110879,300.0
F1_Zakharov_Shifted_Rotated,11,379.82122002408227,300.0
F1_Zakharov_Shifted_Rotated,12,300.00000000000006,300.0
F1_Zakharov_Shifted_Rotated,13,300.00000000000006,300.0
F1_Zakharov_Shifted_Rotated,14,300.02274688758115,300.0
F1_Zakharov_Shifted_Rotated,15,300.00000000000756,300.0
F1_Zakharov_Shifted_Rotated,16,334.07088963400014,300.0
F1_Zakharov_Shifted_Rotated,17,300.00000000000006,300.0
F1_Zakharov_Shifted_Rotated,18,300.000000028328,300.0
F1_Zakharov_Shifted_Rotated,19,300.0,300.0
F1_Zakharov_Shifted_Rotated,20,300.000000000023,300.0
F1_Zakharov_Shifted_Rotated,21,300.0000000000001,300.0
F1_Zakharov_Shifted_Rotated,22,300.0000000002497,300.0
F1_Zakharov_Shifted_Rotated,23,300.00031408503196,300.0
F1_Zakharov_Shifted_Rotated,24,300.00000000000284,300.0
F1_Zakharov_Shifted_Rotated,25,300.00000000001,300.0
F1_Zakharov_Shifted_Rotated,26,300.0000000000089,300.0
F1_Zakharov_Shifted_Rotated,27,300.00000000000057,300.0
F1_Zakharov_Shifted_Rotated,28,300.00000000003945,300.0
F1_Zakharov_Shifted_Rotated,29,300.0000121273284,300.0
F1_Zakharov_Shifted_Rotated,30,300.00000000016826,300.0
F1_Zakharov_Shifted_Rotated,31,300.00000034819044,300.0
F2_Rosenbrock_Shifted_Rotated,1,406.7286216524461,400.0
F2_Rosenbrock_Shifted_Rotated,2,402.13155177470776,400.0
F2_Rosenbrock_Shifted_Rotated,3,401.3836790492796,400.0
F2_Rosenbrock_Shifted_Rotated,4,401.7255226576014,400.0
F2_Rosenbrock_Shifted_Rotated,5,408.969855148115,400.0
F2_Rosenbrock_Shifted_Rotated,6,407.8620121636546,400.0
F2_Rosenbrock_Shifted_Rotated,7,406.72862156052696,400.0
F2_Rosenbrock_Shifted_Rotated,8,400.1448314746717,400.0
F2_Rosenbrock_Shifted_Rotated,9,403.19757533479003,400.0
F2_Rosenbrock_Shifted_Rotated,10,402.0842077608254,400.0
F2_Rosenbrock_Shifted_Rotated,11,407.62829399155135,400.0
F2_Rosenbrock_Shifted_Rotated,12,403.6984658239662,400.0
F2_Rosenbrock_Shifted_Rotated,13,403.68179617759597,400.0
F2_Rosenbrock_Shifted_Rotated,14,406.96208666707577,400.0
F2_Rosenbrock_Shifted_Rotated,15,404.00779778006796,400.0
F2_Rosenbrock_Shifted_Rotated,16,403.2607164654164,400.0
F2_Rosenbrock_Shifted_Rotated,17,406.72862157329644,400.0
F2_Rosenbrock_Shifted_Rotated,18,402.1178645940493,400.0
F2_Rosenbrock_Shifted_Rotated,19,400.43913004084203,400.0
F2_Rosenbrock_Shifted_Rotated,20,406.72862165955104,400.0
F2_Rosenbrock_Shifted_Rotated,21,402.8773586629932,400.0
F2_Rosenbrock_Shifted_Rotated,22,401.16814586997987,400.0
F2_Rosenbrock_Shifted_Rotated,23,404.00312579132384,400.0
F2_Rosenbrock_Shifted_Rotated,24,403.3022356927889,400.0
F2_Rosenbrock_Shifted_Rotated,25,403.0813302348781,400.0
F2_Rosenbrock_Shifted_Rotated,26,401.88586174388104,400.0
F2_Rosenbrock_Shifted_Rotated,27,400.8294056191763,400.0
F2_Rosenbrock_Shifted_Rotated,28,402.0631789985146,400.0
F2_Rosenbrock_Shifted_Rotated,29,400.01295800507506,400.0
F2_Rosenbrock_Shifted_Rotated,30,401.1940587098263,400.0
F2_Rosenbrock_Shifted_Rotated,31,403.86309006485186,400.0
F3_Expanded_Schaffer_F6,1,602.3100788931757,600.0
F3_Expanded_Schaffer_F6,2,602.8080950328272,600.0
F3_Expanded_Schaffer_F6,3,603.3989735937953,600.0
F3_Expanded_Schaffer_F6,4,601.9691162597072,600.0
F3_Expanded_Schaffer_F6,5,603.8781614468002,600.0
F3_Expanded_Schaffer_F6,6,603.6315332427258,600.0
F3_Expanded_Schaffer_F6,7,602.8719769366076,600.0
F3_Expanded_Schaffer_F6,8,603.1937611109984,600.0
F3_Expanded_Schaffer_F6,9,602.0636803560575,600.0
F3_Expanded_Schaffer_F6,10,602.5595971443554,600.0
F3_Expanded_Schaffer_F6,11,603.2835487855028,600.0
F3_Expanded_Schaffer_F6,12,603.2539305536171,600.0
F3_Expanded_Schaffer_F6,13,603.4925849368307,600.0
F3_Expanded_Schaffer_F6,14,603.6275243752302,600.0
F3_Expanded_Schaffer_F6,15,603.5049755451213,600.0
F3_Expanded_Schaffer_F6,16,603.1144449675568,600.0
F3_Expanded_Schaffer_F6,17,602.600835899307,600.0
F3_Expanded_Schaffer_F6,18,603.500987951407,600.0
F3_Expanded_Schaffer_F6,19,603.220797291045,600.0
F3_Expanded_Schaffer_F6,20,603.5909693724273,600.0
F3_Expanded_Schaffer_F6,21,603.4424942109697,600.0
F3_Expanded_Schaffer_F6,22,602.1036233320527,600.0
F3_Expanded_Schaffer_F6,23,603.6745505160246,600.0
F3_Expanded_Schaffer_F6,24,602.7972349464823,600.0
F3_Expanded_Schaffer_F6,25,603.26627770743,600.0
F3_Expanded_Schaffer_F6,26,603.2536211438729,600.0
F3_Expanded_Schaffer_F6,27,603.6198170066091,600.0
F3_Expanded_Schaffer_F6,28,602.9473808796814,600.0
F3_Expanded_Schaffer_F6,29,603.1785673056448,600.0
F3_Expanded_Schaffer_F6,30,603.9966364403364,600.0
F3_Expanded_Schaffer_F6,31,602.5730117089175,600.0
F4_NonContinuous_Rastrigin,1,815.0,800.0
F4_NonContinuous_Rastrigin,2,814.0,800.0
F4_NonContinuous_Rastrigin,3,819.0000000000001,800.0
F4_NonContinuous_Rastrigin,4,820.0,800.0
F4_NonContinuous_Rastrigin,5,820.0,800.0
F4_NonContinuous_Rastrigin,6,809.0000000000002,800.0
F4_NonContinuous_Rastrigin,7,822.0,800.0
F4_NonContinuous_Rastrigin,8,813.0,800.0
F4_NonContinuous_Rastrigin,9,809.0,800.0
F4_NonContinuous_Rastrigin,10,832.0,800.0
F4_NonContinuous_Rastrigin,11,813.0,800.0
F4_NonContinuous_Rastrigin,12,817.0,800.0
F4_NonContinuous_Rastrigin,13,814.0,800.0
F4_NonContinuous_Rastrigin,14,813.4722620869327,800.0
F4_NonContinuous_Rastrigin,15,818.0000000011903,800.0
F4_NonContinuous_Rastrigin,16,816.0,800.0
F4_NonContinuous_Rastrigin,17,814.0,800.0
F4_NonContinuous_Rastrigin,18,817.0,800.0
F4_NonContinuous_Rastrigin,19,811.0,800.0
F4_NonContinuous_Rastrigin,20,821.0,800.0
F4_NonContinuous_Rastrigin,21,813.0,800.0
F4_NonContinuous_Rastrigin,22,820.0,800.0
F4_NonContinuous_Rastrigin,23,816.0,800.0
F4_NonContinuous_Rastrigin,24,811.0,800.0
F4_NonContinuous_Rastrigin,25,818.0,800.0
F4_NonContinuous_Rastrigin,26,821.0,800.0
F4_NonContinuous_Rastrigin,27,818.0,800.0
F4_NonContinuous_Rastrigin,28,814.0,800.0
F4_NonContinuous_Rastrigin,29,814.0000000000001,800.0
F4_NonContinuous_Rastrigin,30,813.0,800.0
F4_NonContinuous_Rastrigin,31,830.0,800.0
F5_Levy_Shifted_Rotated,1,900.0000000000016,900.0
F5_Levy_Shifted_Rotated,2,900.0002140403984,900.0
F5_Levy_Shifted_Rotated,3,900.0000000000002,900.0
F5_Levy_Shifted_Rotated,4,900.0988322926407,900.0
F5_Levy_Shifted_Rotated,5,900.0001710477973,900.0
F5_Levy_Shifted_Rotated,6,900.0000219893417,900.0
F5_Levy_Shifted_Rotated,7,900.1790565008359,900.0
F5_Levy_Shifted_Rotated,8,902.1509443840081,900.0
F5_Levy_Shifted_Rotated,9,900.0000000000001,900.0
F5_Levy_Shifted_Rotated,10,900.0001198567346,900.0
F5_Levy_Shifted_Rotated,11,900.000010325181,900.0
F5_Levy_Shifted_Rotated,12,900.9981762875987,900.0
F5_Levy_Shifted_Rotated,13,900.0000000000002,900.0
F5_Levy_Shifted_Rotated,14,900.0000000000002,900.0
F5_Levy_Shifted_Rotated,15,904.3070021941455,900.0
F5_Levy_Shifted_Rotated,16,900.0000000000001,900.0
F5_Levy_Shifted_Rotated,17,900.0895282504165,900.0
F5_Levy_Shifted_Rotated,18,900.543852269045,900.0
F5_Levy_Shifted_Rotated,19,900.543852269008,900.0
F5_Levy_Shifted_Rotated,20,900.0000000000002,900.0
F5_Levy_Shifted_Rotated,21,900.0895740029059,900.0
F5_Levy_Shifted_Rotated,22,942.2450849134038,900.0
F5_Levy_Shifted_Rotated,23,900.0000118326168,900.0
F5_Levy_Shifted_Rotated,24,900.000025845466,900.0
F5_Levy_Shifted_Rotated,25,900.0895282504166,900.0
F5_Levy_Shifted_Rotated,26,900.0000005580985,900.0
F5_Levy_Shifted_Rotated,27,900.0000000000002,900.0
F5_Levy_Shifted_Rotated,28,900.0895282657978,900.0
F5_Levy_Shifted_Rotated,29,900.0000000000001,900.0
F5_Levy_Shifted_Rotated,30,900.0895282504166,900.0
F5_Levy_Shifted_Rotated,31,900.0000000000003,900.0
F6_Hybrid_Function_1,1,3233.5239495197457,1800.0
F6_Hybrid_Function_1,2,11938.804716570783,1800.0
F6_Hybrid_Function_1,3,2806.664309399442,1800.0
F6_Hybrid_Function_1,4,2180.429719524079,1800.0
F6_Hybrid_Function_1,5,4520.985191320902,1800.0
F6_Hybrid_Function_1,6,3337.521131369022,1800.0
F6_Hybrid_Function_1,7,2342.6348959647335,1800.0
F6_Hybrid_Function_1,8,7569.456237979954,1800.0
F6_Hybrid_Function_1,9,1887.6286368593107,1800.0
F6_Hybrid_Function_1,10,7290.515306489488,1800.0
F6_Hybrid_Function_1,11,3296.0993799378293,1800.0
F6_Hybrid_Function_1,12,8132.604360869246,1800.0
F6_Hybrid_Function_1,13,5277.123782216165,1800.0
F6_Hybrid_Function_1,14,28094.454794137808,1800.0
F6_Hybrid_Function_1,15,2327.7118864538643,1800.0
F6_Hybrid_Function_1,16,24843.51927409715,1800.0
F6_Hybrid_Function_1,17,10384.74977019282,1800.0
F6_Hybrid_Function_1,18,14455.128701762198,1800.0
F6_Hybrid_Function_1,19,4040.561075943979,1800.0
F6_Hybrid_Function_1,20,12696.152423221587,1800.0
F6_Hybrid_Function_1,21,9000.223954117373,1800.0
F6_Hybrid_Function_1,22,4325.078368497927,1800.0
F6_Hybrid_Function_1,23,23302.80636402576,1800.0
F6_Hybrid_Function_1,24,1971.5688978070345,1800.0
F6_Hybrid_Function_1,25,2504.9519101276696,1800.0
F6_Hybrid_Function_1,26,4587.079805704698,1800.0
F6_Hybrid_Function_1,27,5441.487607262969,1800.0
F6_Hybrid_Function_1,28,7657.481299580777,1800.0
F6_Hybrid_Function_1,29,15496.766297120777,1800.0
F6_Hybrid_Function_1,30,11874.105691215786,1800.0
F6_Hybrid_Function_1,31,2650.213078617365,1800.0
F7_Hybrid_Function_2,1,2027.3240990213944,2000.0
F7_Hybrid_Function_2,2,2028.7025784765774,2000.0
F7_Hybrid_Function_2,3,2024.1985304030832,2000.0
F7_Hybrid_Function_2,4,2030.8030691744336,2000.0
F7_Hybrid_Function_2,5,2022.257716764087,2000.0
F7_Hybrid_Function_2,6,2024.3212435091134,2000.0
F7_Hybrid_Function_2,7,2035.4801188396443,2000.0
F7_Hybrid_Function_2,8,2022.5820199976592,2000.0
F7_Hybrid_Function_2,9,2033.2903186406243,2000.0
F7_Hybrid_Function_2,10,2032.0903566534469,2000.0
F7_Hybrid_Function_2,11,2032.3052983411087,2000.0
F7_Hybrid_Function_2,12,2024.0786204788076,2000.0
F7_Hybrid_Function_2,13,2026.1850201960906,2000.0
F7_Hybrid_Function_2,14,2033.967940582328,2000.0
F7_Hybrid_Function_2,15,2035.0793782307587,2000.0
F7_Hybrid_Function_2,16,2026.373303152672,2000.0
F7_Hybrid_Function_2,17,2031.3007324401278,2000.0
F7_Hybrid_Function_2,18,2026.3827340029195,2000.0
F7_Hybrid_Function_2,19,2032.320435295502,2000.0
F7_Hybrid_Function_2,20,2030.9870078694814,2000.0
F7_Hybrid_Function_2,21,2041.5031315852957,2000.0
F7_Hybrid_Function_2,22,2021.7408332481782,2000.0
F7_Hybrid_Function_2,23,2026.6072637482462,2000.0
F7_Hybrid_Function_2,24,2034.5030978259908,2000.0
F7_Hybrid_Function_2,25,2013.8158384375579,2000.0
F7_Hybrid_Function_2,26,2023.8006849680069,2000.0
F7_Hybrid_Function_2,27,2032.3117629700052,2000.0
F7_Hybrid_Function_2,28,2026.4586588179964,2000.0
F7_Hybrid_Function_2,29,2027.6950101052878,2000.0
F7_Hybrid_Function_2,30,2037.0262212579494,2000.0
F7_Hybrid_Function_2,31,2022.7870778880092,2000.0
F8_Hybrid_Function_3,1,2230.008571176272,2200.0
F8_Hybrid_Function_3,2,2246.741622069242,2200.0
F8_Hybrid_Function_3,3,2232.421256596793,2200.0
F8_Hybrid_Function_3,4,2346.0859011756065,2200.0
F8_Hybrid_Function_3,5,2227.185276683074,2200.0
F8_Hybrid_Function_3,6,2235.507809514623,2200.0
F8_Hybrid_Function_3,7,2229.7218068147386,2200.0
F8_Hybrid_Function_3,8,2222.757494456682,2200.0
F8_Hybrid_Function_3,9,2347.124745943277,2200.0
F8_Hybrid_Function_3,10,2227.7124166463345,2200.0
F8_Hybrid_Function_3,11,2256.5496147973145,2200.0
F8_Hybrid_Function_3,12,2230.624247349618,2200.0
F8_Hybrid_Function_3,13,2256.1362310687414,2200.0
F8_Hybrid_Function_3,14,2233.6986254911785,2200.0
F8_Hybrid_Function_3,15,2225.570733211868,2200.0
F8_Hybrid_Function_3,16,2231.9497071545306,2200.0
F8_Hybrid_Function_3,17,2229.4227826089996,2200.0
F8_Hybrid_Function_3,18,2224.145674508872,2200.0
F8_Hybrid_Function_3,19,2230.086551530634,2200.0
F8_Hybrid_Function_3,20,2238.340445917631,2200.0
F8_Hybrid_Function_3,21,2225.4674575248573,2200.0
F8_Hybrid_Function_3,22,2233.318720170635,2200.0
F8_Hybrid_Function_3,23,2354.862415010102,2200.0
F8_Hybrid_Function_3,24,2232.610312736996,2200.0
F8_Hybrid_Function_3,25,2257.9605431972673,2200.0
F8_Hybrid_Function_3,26,2359.853010935758,2200.0
F8_Hybrid_Function_3,27,2361.810849316369,2200.0
F8_Hybrid_Function_3,28,2223.784777385527,2200.0
F8_Hybrid_Function_3,29,2367.8892284364983,2200.0
F8_Hybrid_Function_3,30,2224.0532681941568,2200.0
F8_Hybrid_Function_3,31,2250.9386794319485,2200.0
F9_Composition_Function_1,1,3021.7045885506004,2300.0
F9_Composition_Function_1,2,3036.39800238711,2300.0
F9_Composition_Function_1,3,3037.028588097528,2300.0
F9_Composition_Function_1,4,3086.7649886144823,2300.0
F9_Composition_Function_1,5,3167.999757082878,2300.0
F9_Composition_Function_1,6,3009.939665280196,2300.0
F9_Composition_Function_1,7,3009.9396652801956,2300.0
F9_Composition_Function_1,8,3036.398002387107,2300.0
F9_Composition_Function_1,9,3041.998195205217,2300.0
F9_Composition_Function_1,10,2954.550312013923,2300.0
F9_Composition_Function_1,11,3009.939665280197,2300.0
F9_Composition_Function_1,12,3009.9396652801997,2300.0
F9_Composition_Function_1,13,2954.550312015185,2300.0
F9_Composition_Function_1,14,3036.39800238713,2300.0
F9_Composition_Function_1,15,3021.704590187772,2300.0
F9_Composition_Function_1,16,3036.3980023871572,2300.0
F9_Composition_Function_1,17,3009.939665280195,2300.0
F9_Composition_Function_1,18,3116.639963609775,2300.0
F9_Composition_Function_1,19,3309.103071141546,2300.0
F9_Composition_Function_1,20,3009.9396652802025,2300.0
F9_Composition_Function_1,21,3036.398003974411,2300.0
F9_Composition_Function_1,22,3036.398002387107,2300.0
F9_Composition_Function_1,23,3009.939665280196,2300.0
F9_Composition_Function_1,24,3348.145243447836,2300.0
F9_Composition_Function_1,25,3328.608777996405,2300.0
F9_Composition_Function_1,26,3009.9396652801956,2300.0
F9_Composition_Function_1,27,3041.988358970645,2300.0
F9_Composition_Function_1,28,3284.5202937858085,2300.0
F9_Composition_Function_1,29,3062.7784314022506,2300.0
F9_Composition_Function_1,30,3044.4738600035935,2300.0
F9_Composition_Function_1,31,3183.277875057681,2300.0
F10_Composition_Function_2,1,4297.789638835995,2400.0
F10_Composition_Function_2,2,4297.789638835995,2400.0
F10_Composition_Function_2,3,4297.789638835995,2400.0
F10_Composition_Function_2,4,4297.789638835995,2400.0
F10_Composition_Function_2,5,4297.789638835995,2400.0
F10_Composition_Function_2,6,4297.789638835995,2400.0
F10_Composition_Function_2,7,4297.789638835995,2400.0
F10_Composition_Function_2,8,4297.789638835995,2400.0
F10_Composition_Function_2,9,4297.789638835995,2400.0
F10_Composition_Function_2,10,4297.789638835995,2400.0
F10_Composition_Function_2,11,4297.789638835995,2400.0
F10_Composition_Function_2,12,4297.789638835995,2400.0
F10_Composition_Function_2,13,4297.789643731729,2400.0
F10_Composition_Function_2,14,4297.789638835995,2400.0
F10_Composition_Function_2,15,4297.789638835995,2400.0
F10_Composition_Function_2,16,4297.789638835995,2400.0
F10_Composition_Function_2,17,4297.789638835995,2400.0
F10_Composition_Function_2,18,4297.789638835995,2400.0
F10_Composition_Function_2,19,4297.789638835995,2400.0
F10_Composition_Function_2,20,4297.789638835995,2400.0
F10_Composition_Function_2,21,4297.789638835995,2400.0
F10_Composition_Function_2,22,4297.789638835995,2400.0
F10_Composition_Function_2,23,4297.789638835995,2400.0
F10_Composition_Function_2,24,4297.789638835995,2400.0
F10_Composition_Function_2,25,4297.789638835995,2400.0
F10_Composition_Function_2,26,4297.789638835995,2400.0
F10_Composition_Function_2,27,4297.789638835995,2400.0
F10_Composition_Function_2,28,4297.789638835995,2400.0
F10_Composition_Function_2,29,4297.789638835995,2400.0
F10_Composition_Function_2,30,4297.789638835995,2400.0
F10_Composition_Function_2,31,4297.789638835995,2400.0
F11_Composition_Function_3,1,8958.334999031951,2600.0
F11_Composition_Function_3,2,13745.649893881677,2600.0
F11_Composition_Function_3,3,9995.523501592217,2600.0
F11_Composition_Function_3,4,3887.6531316582286,2600.0
F11_Composition_Function_3,5,8702.781192360384,2600.0
F11_Composition_Function_3,6,2924.8352053159897,2600.0
F11_Composition_Function_3,7,5560.899362981387,2600.0
F11_Composition_Function_3,8,20118.371842805267,2600.0
F11_Composition_Function_3,9,6927.513710593623,2600.0
F11_Composition_Function_3,10,6692.5612675167395,2600.0
F11_Composition_Function_3,11,15734.497412224728,2600.0
F11_Composition_Function_3,12,3139.657206692167,2600.0
F11_Composition_Function_3,13,14937.373940245674,2600.0
F11_Composition_Function_3,14,21412.916157873387,2600.0
F11_Composition_Function_3,15,5980.69273441029,2600.0
F11_Composition_Function_3,16,21982.906347121778,2600.0
F11_Composition_Function_3,17,18477.961094441,2600.0
F11_Composition_Function_3,18,12037.970012455873,2600.0
F11_Composition_Function_3,19,2900.0,2600.0
F11_Composition_Function_3,20,21485.257678657283,2600.0
F11_Composition_Function_3,21,16239.68978300813,2600.0
F11_Composition_Function_3,22,12277.016136303504,2600.0
F11_Composition_Function_3,23,3092.388727350253,2600.0
F11_Composition_Function_3,24,13864.63875536402,2600.0
F11_Composition_Function_3,25,4661.960633848276,2600.0
F11_Composition_Function_3,26,15550.053302975073,2600.0
F11_Composition_Function_3,27,9548.665667169078,2600.0
F11_Composition_Function_3,28,6603.175353110804,2600.0
F11_Composition_Function_3,29,10112.402937496485,2600.0
F11_Composition_Function_3,30,11217.645377711964,2600.0
F11_Composition_Function_3,31,10945.529454237792,2600.0
F12_Composition_Function_4,1,682072782.8437626,2700.0
F12_Composition_Function_4,2,682072782.8437625,2700.0
F12_Composition_Function_4,3,682072782.8437624,2700.0
F12_Composition_Function_4,4,682072782.8437625,2700.0
F12_Composition_Function_4,5,682072782.8437625,2700.0
F12_Composition_Function_4,6,682072782.8437628,2700.0
F12_Composition_Function_4,7,813690577.4109249,2700.0
F12_Composition_Function_4,8,819687859.4913175,2700.0
F12_Composition_Function_4,9,682072782.8437628,2700.0
F12_Composition_Function_4,10,682072782.8437626,2700.0
F12_Composition_Function_4,11,682072782.8437625,2700.0
F12_Composition_Function_4,12,819687859.4913175,2700.0
F12_Composition_Function_4,13,819687859.4913175,2700.0
F12_Composition_Function_4,14,819687859.4913175,2700.0
F12_Composition_Function_4,15,819687859.4913175,2700.0
F12_Composition_Function_4,16,819687859.4913175,2700.0
F12_Composition_Function_4,17,682072782.8437628,2700.0
F12_Composition_Function_4,18,682072782.8437628,2700.0
F12_Composition_Function_4,19,682072782.8437624,2700.0
F12_Composition_Function_4,20,682072782.8437628,2700.0
F12_Composition_Function_4,21,819687859.4913175,2700.0
F12_Composition_Function_4,22,682072782.8437628,2700.0
F12_Composition_Function_4,23,819687859.4913175,2700.0
F12_Composition_Function_4,24,2900.0,2700.0
F12_Composition_Function_4,25,31375.399752999303,2700.0
F12_Composition_Function_4,26,682072782.8437626,2700.0
F12_Composition_Function_4,27,682072782.8437625,2700.0
F12_Composition_Function_4,28,682072782.8437626,2700.0
F12_Composition_Function_4,29,3089.402423903158,2700.0
F12_Composition_Function_4,30,819687859.4913175,2700.0
F12_Composition_Function_4,31,682072782.8437626,2700.0
